Workbook
Name Calculator_type: #REF!
Name CommitmentIndexList: TRANSPOSE(IF(VLOOKUP('Solution-based'!$B$3,#REF!,3,FALSE)="YES",_xlfn.SEQUENCE(8),_xlfn.SEQUENCE(7)))
Name CommitmentList: INDIRECT("'Pricelist "&'Solution-based'!$B$3&"'!$G$2:$N$2")
Name Currency: #REF!
Name min_commit: 'Pricelist USD'!$G$2:$M$2
Name min_commit: 'Pricelist USD'!$G$2:$M$2
Name T_1: #REF!
Name T_2: #REF!
Name T_3: #REF!
Name T_4: #REF!
Name T_5: #REF!

Sheet Solution-based
A2: Currency | B2: USD
A3: Calculator type | B3: USD
A4: Solution-based Licensing | E4: =IF(E5<>'Service-based'!E3,"Monthly minimum commitment inconsistency. Select the same commitment for both licensing options","")
A5: 1. Choose Minimum commitment: | D5: =MATCH(E5,INDIRECT("'Pricelist "&$B$3&"'!$G$2:$N$2"),0) -> 1 | E5: 250 | F5: {=IFERROR(IF(AND(B3="JPY",E5=30000),"Only for SPs that already have this commitment",IF(D5=1,IF(G53>'Calculator +1 tier'!F118,"Recommended to switch to higher commitment",""),IF(AND(D5=8,'Calculator -1 tier'!F117>INDIRECT("'Pricelist "&B3&"'!N2")),"",IF(G53>'Calculator -1 tier'!F118,"Recommended to switch to lower commitment",IF(G53>'Calculator +1 tier'!F118,"Recommended to switch to higher commitment",""))))),"")}
A6: 2. Choose Datacenter Group: | E6: G1 | F6: =IF(E6<>'Service-based'!E4,"Select the same DC group for both licensing options","")
A7: 3. Input data for endpoints to be protected (Solution-based Licensing): | D7: Stand-alone capabilities | E7: Quantity | F7: Price per unit (monthly) | G7: Total cost
A8: Security + RMM | C8: # Endpoint Security (Servers, VMs, Workstations) | D8: Yes | F8: =IF(E8>0,IFERROR(SUMIFS(INDIRECT("'Pricelist "&$B$3&"'!$"&CHAR(70+$D$5)&"$3:$"&CHAR(70+$D$5)&"$130"),INDIRECT("'Pricelist "&$B$3&"'!$O$3:$O$130"),C8),"Pricelist not found"),"") | G8: =IFERROR(E8*F8,"")
C9: # Microsoft 365 Security | F9: =IF(E9>0,IFERROR(SUMIFS(INDIRECT("'Pricelist "&$B$3&"'!$"&CHAR(70+$D$5)&"$3:$"&CHAR(70+$D$5)&"$130"),INDIRECT("'Pricelist "&$B$3&"'!$O$3:$O$130"),C9),"Pricelist not found"),"") | G9: =IFERROR(E9*F9,"")
C10: # Google Workspace Security | F10: =IF(E10>0,IFERROR(SUMIFS(INDIRECT("'Pricelist "&$B$3&"'!$"&CHAR(70+$D$5)&"$3:$"&CHAR(70+$D$5)&"$130"),INDIRECT("'Pricelist "&$B$3&"'!$O$3:$O$130"),C10),"Pricelist not found"),"") | G10: =IFERROR(E10*F10,"")
A11: Backup + DR | C11: # BDR Server (3 TB of Acronis Hosted Storage included) | D11: Yes | F11: =IF(E11>0,IFERROR(SUMIFS(INDIRECT("'Pricelist "&$B$3&"'!$"&CHAR(70+$D$5)&"$3:$"&CHAR(70+$D$5)&"$130"),INDIRECT("'Pricelist "&$B$3&"'!$O$3:$O$130"),C11,INDIRECT("'Pricelist "&$B$3&"'!$E$3:$E$130"),$E$6),"Pricelist not found"),"") | G11: =IFERROR(E11*F11,"")
C12: # BDR Virtual Machine (2 TB of Acronis Hosted Storage included) | F12: =IF(E12>0,IFERROR(SUMIFS(INDIRECT("'Pricelist "&$B$3&"'!$"&CHAR(70+$D$5)&"$3:$"&CHAR(70+$D$5)&"$130"),INDIRECT("'Pricelist "&$B$3&"'!$O$3:$O$130"),C12,INDIRECT("'Pricelist "&$B$3&"'!$E$3:$E$130"),$E$6),"Pricelist not found"),"") | G12: =IFERROR(E12*F12,"")
C13: # BDR Workstation (300 GB of Acronis Hosted Storage included) | F13: =IF(E13>0,IFERROR(SUMIFS(INDIRECT("'Pricelist "&$B$3&"'!$"&CHAR(70+$D$5)&"$3:$"&CHAR(70+$D$5)&"$130"),INDIRECT("'Pricelist "&$B$3&"'!$O$3:$O$130"),C13,INDIRECT("'Pricelist "&$B$3&"'!$E$3:$E$130"),$E$6),"Pricelist not found"),"") | G13: =IFERROR(E13*F13,"")
C14: # Microsoft 365 Backup + Archiving (unlimited Acronis Hosted Cloud Storage included*) | F14: =IF(E14>0,IFERROR(SUMIFS(INDIRECT("'Pricelist "&$B$3&"'!$"&CHAR(70+$D$5)&"$3:$"&CHAR(70+$D$5)&"$130"),INDIRECT("'Pricelist "&$B$3&"'!$O$3:$O$130"),C14,INDIRECT("'Pricelist "&$B$3&"'!$E$3:$E$130"),$E$6),"Pricelist not found"),"") | G14: =IFERROR(E14*F14,"")
C15: # Google Workspace Backup (unlimited Acronis Hosted Cloud Storage included*) | F15: =IF(E15>0,IFERROR(SUMIFS(INDIRECT("'Pricelist "&$B$3&"'!$"&CHAR(70+$D$5)&"$3:$"&CHAR(70+$D$5)&"$130"),INDIRECT("'Pricelist "&$B$3&"'!$O$3:$O$130"),C15,INDIRECT("'Pricelist "&$B$3&"'!$E$3:$E$130"),$E$6),"Pricelist not found"),"") | G15: =IFERROR(E15*F15,"")
C16: # Mobile Backup (50 GB od Acronis Hosted Storage included) | F16: =IF(E16>0,IFERROR(SUMIFS(INDIRECT("'Pricelist "&$B$3&"'!$"&CHAR(70+$D$5)&"$3:$"&CHAR(70+$D$5)&"$130"),INDIRECT("'Pricelist "&$B$3&"'!$O$3:$O$130"),C16,INDIRECT("'Pricelist "&$B$3&"'!$E$3:$E$130"),$E$6),"Pricelist not found"),"") | G16: =IFERROR(E16*F16,"")
A17: Ultimate Protection | C17: # Ultimate Server (3 TB of Acronis Hosted Storage included) | D17: Yes | F17: =IF(E17>0,IFERROR(SUMIFS(INDIRECT("'Pricelist "&$B$3&"'!$"&CHAR(70+$D$5)&"$3:$"&CHAR(70+$D$5)&"$130"),INDIRECT("'Pricelist "&$B$3&"'!$O$3:$O$130"),C17,INDIRECT("'Pricelist "&$B$3&"'!$E$3:$E$130"),$E$6),"Pricelist not found"),"") | G17: =IFERROR(E17*F17,"")
C18: # Ultimate Virtual Machine (2 TB of Acronis Hosted Storage included) | F18: =IF(E18>0,IFERROR(SUMIFS(INDIRECT("'Pricelist "&$B$3&"'!$"&CHAR(70+$D$5)&"$3:$"&CHAR(70+$D$5)&"$130"),INDIRECT("'Pricelist "&$B$3&"'!$O$3:$O$130"),C18,INDIRECT("'Pricelist "&$B$3&"'!$E$3:$E$130"),$E$6),"Pricelist not found"),"") | G18: =IFERROR(E18*F18,"")
C19: # Ultimate Workstation (300 GB of Acronis Hosted Storage included) | F19: =IF(E19>0,IFERROR(SUMIFS(INDIRECT("'Pricelist "&$B$3&"'!$"&CHAR(70+$D$5)&"$3:$"&CHAR(70+$D$5)&"$130"),INDIRECT("'Pricelist "&$B$3&"'!$O$3:$O$130"),C19,INDIRECT("'Pricelist "&$B$3&"'!$E$3:$E$130"),$E$6),"Pricelist not found"),"") | G19: =IFERROR(E19*F19,"")
C20: # Ultimate Microsoft 365 (unlimited Acronis Hosted Cloud Storage included*) | F20: =IF(E20>0,IFERROR(SUMIFS(INDIRECT("'Pricelist "&$B$3&"'!$"&CHAR(70+$D$5)&"$3:$"&CHAR(70+$D$5)&"$130"),INDIRECT("'Pricelist "&$B$3&"'!$O$3:$O$130"),C20,INDIRECT("'Pricelist "&$B$3&"'!$E$3:$E$130"),$E$6),"Pricelist not found"),"") | G20: =IFERROR(E20*F20,"")
C21: # Ultimate Google Workspace (unlimited Acronis Hosted Cloud Storage included*) | F21: =IF(E21>0,IFERROR(SUMIFS(INDIRECT("'Pricelist "&$B$3&"'!$"&CHAR(70+$D$5)&"$3:$"&CHAR(70+$D$5)&"$130"),INDIRECT("'Pricelist "&$B$3&"'!$O$3:$O$130"),C21,INDIRECT("'Pricelist "&$B$3&"'!$E$3:$E$130"),$E$6),"Pricelist not found"),"") | G21: =IFERROR(E21*F21,"")
A22: 4. Input data for endpoints to be protected (Additional Services):
A23: Managed Detection and Response | C23: # Standard In-house MDR Workloads for Solution-Base Licensing, Partner-level (Servers, VMs, Workstations, Hosting Servers) | D23: Requires Security+RMM or Ultimate Protection | F23: =IF(E23>0,IFERROR(SUMIFS(INDIRECT("'Pricelist "&$B$3&"'!$"&CHAR(70+$D$5)&"$3:$"&CHAR(70+$D$5)&"$130"),INDIRECT("'Pricelist "&$B$3&"'!$O$3:$O$130"),C23),"Pricelist not found"),"") | G23: =IFERROR(E23*F23,"")
C24: # Advanced In-house MDR Workloads for Solution-Base Licensing, Partner-level (Servers, VMs, Workstations, Hosting Servers) | F24: =IF(E24>0,IFERROR(SUMIFS(INDIRECT("'Pricelist "&$B$3&"'!$"&CHAR(70+$D$5)&"$3:$"&CHAR(70+$D$5)&"$130"),INDIRECT("'Pricelist "&$B$3&"'!$O$3:$O$130"),C24),"Pricelist not found"),"") | G24: =IFERROR(E24*F24,"")
C25: # Standard In-house MDR Workloads for Solution-Base Licensing, Customer-level (Servers, VMs, Workstations, Hosting Servers) | F25: =IF(E25>0,IFERROR(SUMIFS(INDIRECT("'Pricelist "&$B$3&"'!$"&CHAR(70+$D$5)&"$3:$"&CHAR(70+$D$5)&"$130"),INDIRECT("'Pricelist "&$B$3&"'!$O$3:$O$130"),C25),"Pricelist not found"),"") | G25: =IFERROR(E25*F25,"")
C26: # Advanced In-house MDR Workloads for Solution-Base Licensing, Customer-level (Servers, VMs, Workstations, Hosting Servers) | F26: =IF(E26>0,IFERROR(SUMIFS(INDIRECT("'Pricelist "&$B$3&"'!$"&CHAR(70+$D$5)&"$3:$"&CHAR(70+$D$5)&"$130"),INDIRECT("'Pricelist "&$B$3&"'!$O$3:$O$130"),C26),"Pricelist not found"),"") | G26: =IFERROR(E26*F26,"")
C27: # Standard 3rd Party MDR Workloads for Solution-Base Licensing (Servers, VMs, Workstations, Hosting Servers) | F27: =IF(E27>0,IFERROR(SUMIFS(INDIRECT("'Pricelist "&$B$3&"'!$"&CHAR(70+$D$5)&"$3:$"&CHAR(70+$D$5)&"$130"),INDIRECT("'Pricelist "&$B$3&"'!$O$3:$O$130"),C27),"Pricelist not found"),"") | G27: =IFERROR(E27*F27,"")
C28: # Advanced 3rd Party MDR Workloads for Solution-Base Licensing (Servers, VMs, Workstations, Hosting Servers) | F28: =IF(E28>0,IFERROR(SUMIFS(INDIRECT("'Pricelist "&$B$3&"'!$"&CHAR(70+$D$5)&"$3:$"&CHAR(70+$D$5)&"$130"),INDIRECT("'Pricelist "&$B$3&"'!$O$3:$O$130"),C28),"Pricelist not found"),"") | G28: =IFERROR(E28*F28,"")
A29: Security Awareness Training | C29: # Security Awareness Training for Solution-based Licensing (Users) | D29: Yes | F29: =IF(E29>0,IFERROR(SUMIFS(INDIRECT("'Pricelist "&$B$3&"'!$"&CHAR(70+$D$5)&"$3:$"&CHAR(70+$D$5)&"$130"),INDIRECT("'Pricelist "&$B$3&"'!$O$3:$O$130"),C29),"Pricelist not found"),"") | G29: =IFERROR(E29*F29,"")
A30: Additional Storage | C30: Acronis Cloud Storage at Acronis Datacenter (for Solution-based Licensing overages) | D30: Requires BDR or Ultimate Protection | F30: =IF(E30>0,IFERROR(SUMIFS(INDIRECT("'Pricelist "&$B$3&"'!$"&CHAR(70+$D$5)&"$3:$"&CHAR(70+$D$5)&"$130"),INDIRECT("'Pricelist "&$B$3&"'!$O$3:$O$130"),C30,INDIRECT("'Pricelist "&$B$3&"'!$E$3:$E$130"),$E$6),"Pricelist not found"),"") | G30: =IFERROR(E30*F30,"")
A31: Geo-replication | C31: Solution-based licensing - Backup Geo-redundant - Acronis Hosted Storage | D31: Requires BDR or Ultimate Protection | F31: =IF(AND(E31>0,$E$6="G2"),"Not available for G2",IF(E31>0,IFERROR(SUMIFS(INDIRECT("'Pricelist "&$B$3&"'!$"&CHAR(70+$D$5)&"$3:$"&CHAR(70+$D$5)&"$130"),INDIRECT("'Pricelist "&$B$3&"'!$O$3:$O$130"),C31),"Pricelist not found"),"")) | G31: =IFERROR(E31*F31,"")
C32: Solution-based licensing - # Geo-redundant Microsoft 365 seat (unlimited Acronis Hosted Cloud Storage included*) | F32: =IF(AND(E32>0,$E$6="G2"),"Not available for G2",IF(E32>0,IFERROR(SUMIFS(INDIRECT("'Pricelist "&$B$3&"'!$"&CHAR(70+$D$5)&"$3:$"&CHAR(70+$D$5)&"$130"),INDIRECT("'Pricelist "&$B$3&"'!$O$3:$O$130"),C32),"Pricelist not found"),"")) | G32: =IFERROR(E32*F32,"")
C33: Solution-based licensing - # Geo-redundant Google Workspace seat (unlimited Acronis Hosted Cloud Storage included*) | F33: =IF(AND(E33>0,$E$6="G2"),"Not available for G2",IF(E33>0,IFERROR(SUMIFS(INDIRECT("'Pricelist "&$B$3&"'!$"&CHAR(70+$D$5)&"$3:$"&CHAR(70+$D$5)&"$130"),INDIRECT("'Pricelist "&$B$3&"'!$O$3:$O$130"),C33),"Pricelist not found"),"")) | G33: =IFERROR(E33*F33,"")
A34: Disaster Recovery Infrastructure | C34: Monthly Compute Point Consumption for BDR/Ultimate | D34: Requires BDR or Ultimate Protection | E34: =IF('Compute points'!E13=0,"",'Compute points'!E13) | F34: =IF(E34<>"",IFERROR(SUMIFS(INDIRECT("'Pricelist "&$B$3&"'!$"&CHAR(70+$D$5)&"$3:$"&CHAR(70+$D$5)&"$130"),INDIRECT("'Pricelist "&$B$3&"'!$O$3:$O$130"),C34),"Pricelist not found"),"") | G34: =IFERROR(E34*F34,"")
C35: Public IPs for BDR/Ultimate | F35: =IF(E35>0,IFERROR(SUMIFS(INDIRECT("'Pricelist "&$B$3&"'!$"&CHAR(70+$D$5)&"$3:$"&CHAR(70+$D$5)&"$130"),INDIRECT("'Pricelist "&$B$3&"'!$O$3:$O$130"),C35),"Pricelist not found"),"") | G35: =IFERROR(E35*F35,"")
A36: 5. Input data for Cyber Frame, Cyber Workspace, FSS, ACI and Archival Storage
A37: Cyber Frame | B37: Cyber Frame Local | C37: # Physical Cores, Standard Support Included | D37: Yes | F37: =IF(E37>0,IFERROR(SUMIFS(INDIRECT("'Pricelist "&$B$3&"'!$"&CHAR(70+$D$5)&"$3:$"&CHAR(70+$D$5)&"$130"),INDIRECT("'Pricelist "&$B$3&"'!$O$3:$O$130"),C37),"Pricelist not found"),"") | G37: =IFERROR(E37*F37,"")
B38: Cyber Frame Cloud | C38: # Used Standard vCPUs | D38: Yes | F38: =IF(E38>0,IFERROR(SUMIFS(INDIRECT("'Pricelist "&$B$3&"'!$"&CHAR(70+$D$5)&"$3:$"&CHAR(70+$D$5)&"$130"),INDIRECT("'Pricelist "&$B$3&"'!$O$3:$O$130"),C38),"Pricelist not found"),"") | G38: =IFERROR(E38*F38,"")
C39: # GB of used Standard RAM | F39: =IF(E39<>"",IFERROR(SUMIFS(INDIRECT("'Pricelist "&$B$3&"'!$"&CHAR(70+$D$5)&"$3:$"&CHAR(70+$D$5)&"$130"),INDIRECT("'Pricelist "&$B$3&"'!$O$3:$O$130"),C39),"Pricelist not found"),"") | G39: =IFERROR(E39*F39,"")
C40: Cyber Frame Cloud Block Storage | F40: =IF(E40>0,IFERROR(SUMIFS(INDIRECT("'Pricelist "&$B$3&"'!$"&CHAR(70+$D$5)&"$3:$"&CHAR(70+$D$5)&"$130"),INDIRECT("'Pricelist "&$B$3&"'!$O$3:$O$130"),C40),"Pricelist not found"),"") | G40: =IFERROR(E40*F40,"")
C41: # Public IPs for Cyber Frame Cloud | F41: =IF(E41>0,IFERROR(SUMIFS(INDIRECT("'Pricelist "&$B$3&"'!$"&CHAR(70+$D$5)&"$3:$"&CHAR(70+$D$5)&"$130"),INDIRECT("'Pricelist "&$B$3&"'!$O$3:$O$130"),C41),"Pricelist not found"),"") | G41: =IFERROR(E41*F41,"")
C42: # Windows Licenses (per licensed vCPU) | F42: =IF(E42<>"",IFERROR(SUMIFS(INDIRECT("'Pricelist "&$B$3&"'!$"&CHAR(70+$D$5)&"$3:$"&CHAR(70+$D$5)&"$130"),INDIRECT("'Pricelist "&$B$3&"'!$O$3:$O$130"),C42),"Pricelist not found"),"") | G42: =IFERROR(E42*F42,"")
A43: Cyber Workspace | B43: Cyber Employee | C43: # Cyber Employee Agents | D43: Yes | F43: =IF(AND(E43>0,$E$6="G2"),"Not available for G2",IF(E43>0,IFERROR(SUMIFS(INDIRECT("'Pricelist "&$B$3&"'!$"&CHAR(70+$D$5)&"$3:$"&CHAR(70+$D$5)&"$130"),INDIRECT("'Pricelist "&$B$3&"'!$O$3:$O$130"),C43),"Pricelist not found"),"")) | G43: =IFERROR(E43*F43,"")
C44: # Cyber Employee Usage Units | F44: =IF(AND(E44>0,$E$6="G2"),"Not available for G2",IF(E44>0,IFERROR(SUMIFS(INDIRECT("'Pricelist "&$B$3&"'!$"&CHAR(70+$D$5)&"$3:$"&CHAR(70+$D$5)&"$130"),INDIRECT("'Pricelist "&$B$3&"'!$O$3:$O$130"),C44),"Pricelist not found"),"")) | G44: =IFERROR(E44*F44,"")
A45: Cyber Files Cloud | B45: Per User | C45: # of Cyber Files Users | D45: Yes | F45: =IF(E45<>"",IFERROR(SUMIFS(INDIRECT("'Pricelist "&$B$3&"'!$"&CHAR(70+$D$5)&"$3:$"&CHAR(70+$D$5)&"$130"),INDIRECT("'Pricelist "&$B$3&"'!$O$3:$O$130"),C45),"Pricelist not found"),"") | G45: =IFERROR(E45*F45,"")
C46: Cyber Files Cloud Acronis Hosted Storage (for per User Model) | F46: =IF(E46>0,IFERROR(SUMIFS(INDIRECT("'Pricelist "&$B$3&"'!$"&CHAR(70+$D$5)&"$3:$"&CHAR(70+$D$5)&"$130"),INDIRECT("'Pricelist "&$B$3&"'!$O$3:$O$130"),C46,INDIRECT("'Pricelist "&$B$3&"'!$E$3:$E$130"),$E$6),"Pricelist not found"),"") | G46: =IFERROR(E46*F46,"")
B47: Per GB | C47: Cyber Files Cloud Acronis Hosted Storage (for per GB Model) | D47: Yes | F47: =IF(E47>0,IFERROR(SUMIFS(INDIRECT("'Pricelist "&$B$3&"'!$"&CHAR(70+$D$5)&"$3:$"&CHAR(70+$D$5)&"$130"),INDIRECT("'Pricelist "&$B$3&"'!$O$3:$O$130"),C47,INDIRECT("'Pricelist "&$B$3&"'!$E$3:$E$130"),$E$6),"Pricelist not found"),"") | G47: =IFERROR(E47*F47,"")
C48: ='Service-based'!C71 -> Cyber Files Cloud Service Provider Hosted Storage | F48: =IF(E48>0,IFERROR(SUMIFS(INDIRECT("'Pricelist "&$B$3&"'!$"&CHAR(70+$D$5)&"$3:$"&CHAR(70+$D$5)&"$130"),INDIRECT("'Pricelist "&$B$3&"'!$O$3:$O$130"),C48),"Pricelist not found"),"") | G48: =IFERROR(E48*F48,"")
A49: Acronis Cyber Infrastructure | C49: Storage Required for S3/iSCSI/NFS/Compute (Per GB) | D49: Yes | F49: =IF(E49>0,IFERROR(SUMIFS(INDIRECT("'Pricelist "&$B$3&"'!$"&CHAR(70+$D$5)&"$3:$"&CHAR(70+$D$5)&"$130"),INDIRECT("'Pricelist "&$B$3&"'!$O$3:$O$130"),C49),"Pricelist not found"),"") | G49: =IFERROR(E49*F49,"")
E50: Solution-based licensing Monthly cost | G50: =SUM(G8:G49) -> 0
E51: Service-based licensing Monthly cost | G51: ='Service-based'!G73 -> 0
E52: Total monthly cost (no commitment applied) | G52: =SUM(G50:G51) -> 0
E53: Monthly cost | G53: =IF((G52)>E5,(G52),E5) -> 250
E54: Yearly cost | G54: =G53*12 -> 3000
A55: * based on the fair usage policy: https://www.acronis.com/en-us/company/licensing/

Sheet Service-based
A1: #VALUE!
A2: Service-based Licensing | E2: =IF(E3<>'Solution-based'!E5,"Monthly minimum commitment inconsistency. Select the same commitment for both licensing options","")
A3: 1. Choose Minimum commitment: | D3: =MATCH(E3,INDIRECT("'Pricelist "&'Solution-based'!$B$3&"'!$G$2:$N$2"),0) -> 1 | E3: 250 | F3: {=IFERROR(IF(AND('Solution-based'!B3="JPY",E3=30000),"Only for SPs that already have this commitment",IF(D3=1,IF(G76>'Calculator +1 tier'!F118,"Recommended to switch to higher commitment",""),IF(AND(D3=8,'Calculator -1 tier'!F117>INDIRECT("'Pricelist "&'Solution-based'!B3&"'!N2")),"",IF(G76>'Calculator -1 tier'!F118,"Recommended to switch to lower commitment",IF(G76>'Calculator +1 tier'!F118,"Recommended to switch to higher commitment",""))))),"")}
A4: 2. Choose Datacenter Group: | E4: G1 | F4: =IF(E4<>'Solution-based'!E6,"Select the same DC group for both licensing options","")
A5: 3. Input data for endpoints and storage to be protected (Service-based Licensing): | D5: Stand-alone capabilities | E5: Quantity | F5: Price per unit (monthly) | G5: Total cost
A6: Endpoint Security | C6: # Endpoint Detection and Response (EDR) Workloads (Servers, VMs, Workstations, Hosting Servers) | D6: Yes | F6: =IF(E6>0,IFERROR(SUMIFS(INDIRECT("'Pricelist "&'Solution-based'!$B$3&"'!$"&CHAR(70+$D$3)&"$30:$"&CHAR(70+$D$3)&"$130"),INDIRECT("'Pricelist "&'Solution-based'!$B$3&"'!$O$30:$O$130"),C6),"Pricelist not found"),"") | G6: =IFERROR(E6*F6,"")
C7: # Extended Detection and Response (XDR) Workloads (Servers, VMs, Workstations, Hosting Servers) | F7: =IF(E7>0,IFERROR(SUMIFS(INDIRECT("'Pricelist "&'Solution-based'!$B$3&"'!$"&CHAR(70+$D$3)&"$30:$"&CHAR(70+$D$3)&"$130"),INDIRECT("'Pricelist "&'Solution-based'!$B$3&"'!$O$30:$O$130"),C7),"Pricelist not found"),"") | G7: =IFERROR(E7*F7,"")
C8: # In-house MDR Workloads - Standard - Partner-level (Servers, VMs, Workstations, Hosting Servers) | D8: Requires EDR/XDR | F8: =IF(E8>0,IFERROR(SUMIFS(INDIRECT("'Pricelist "&'Solution-based'!$B$3&"'!$"&CHAR(70+$D$3)&"$30:$"&CHAR(70+$D$3)&"$130"),INDIRECT("'Pricelist "&'Solution-based'!$B$3&"'!$O$30:$O$130"),C8),"Pricelist not found"),"") | G8: =IFERROR(E8*F8,"")
C9: # In-house MDR Workloads - Advanced - Partner-level (Servers, VMs, Workstations, Hosting Servers) | F9: =IF(E9>0,IFERROR(SUMIFS(INDIRECT("'Pricelist "&'Solution-based'!$B$3&"'!$"&CHAR(70+$D$3)&"$30:$"&CHAR(70+$D$3)&"$130"),INDIRECT("'Pricelist "&'Solution-based'!$B$3&"'!$O$30:$O$130"),C9),"Pricelist not found"),"") | G9: =IFERROR(E9*F9,"")
C10: # In-house MDR Workloads - Standard - Customer-level (Servers, VMs, Workstations, Hosting Servers) | F10: =IF(E10>0,IFERROR(SUMIFS(INDIRECT("'Pricelist "&'Solution-based'!$B$3&"'!$"&CHAR(70+$D$3)&"$30:$"&CHAR(70+$D$3)&"$130"),INDIRECT("'Pricelist "&'Solution-based'!$B$3&"'!$O$30:$O$130"),C10),"Pricelist not found"),"") | G10: =IFERROR(E10*F10,"")
C11: # In-house MDR Workloads - Advanced - Customer-level (Servers, VMs, Workstations, Hosting Servers) | F11: =IF(E11>0,IFERROR(SUMIFS(INDIRECT("'Pricelist "&'Solution-based'!$B$3&"'!$"&CHAR(70+$D$3)&"$30:$"&CHAR(70+$D$3)&"$130"),INDIRECT("'Pricelist "&'Solution-based'!$B$3&"'!$O$30:$O$130"),C11),"Pricelist not found"),"") | G11: =IFERROR(E11*F11,"")
C12: # 3rd Party MDR Workloads - Standard (Servers, VMs, Workstations, Hosting Servers) | F12: =IF(E12>0,IFERROR(SUMIFS(INDIRECT("'Pricelist "&'Solution-based'!$B$3&"'!$"&CHAR(70+$D$3)&"$30:$"&CHAR(70+$D$3)&"$130"),INDIRECT("'Pricelist "&'Solution-based'!$B$3&"'!$O$30:$O$130"),C12),"Pricelist not found"),"") | G12: =IFERROR(E12*F12,"")
C13: # 3rd Party MDR Workloads - Advanced (Servers, VMs, Workstations, Hosting Servers) | F13: =IF(E13>0,IFERROR(SUMIFS(INDIRECT("'Pricelist "&'Solution-based'!$B$3&"'!$"&CHAR(70+$D$3)&"$30:$"&CHAR(70+$D$3)&"$130"),INDIRECT("'Pricelist "&'Solution-based'!$B$3&"'!$O$30:$O$130"),C13),"Pricelist not found"),"") | G13: =IFERROR(E13*F13,"")
C14: # Gen AI Protection Workloads | D14: Yes | F14: =IF(E14>0,IFERROR(SUMIFS(INDIRECT("'Pricelist "&'Solution-based'!$B$3&"'!$"&CHAR(70+$D$3)&"$30:$"&CHAR(70+$D$3)&"$130"),INDIRECT("'Pricelist "&'Solution-based'!$B$3&"'!$O$30:$O$130"),C14),"Pricelist not found"),"") | G14: =IFERROR(E14*F14,"")
C15: # Data Loss Prevention Workloads (Servers, VMs, Workstations, Hosting Servers) | D15: Yes | F15: =IF(E15>0,IFERROR(SUMIFS(INDIRECT("'Pricelist "&'Solution-based'!$B$3&"'!$"&CHAR(70+$D$3)&"$30:$"&CHAR(70+$D$3)&"$130"),INDIRECT("'Pricelist "&'Solution-based'!$B$3&"'!$O$30:$O$130"),C15),"Pricelist not found"),"") | G15: =IFERROR(E15*F15,"")
A16: SaaS Security | C16: # Email Security Users | D16: Yes | F16: =IF(E16>0,IFERROR(SUMIFS(INDIRECT("'Pricelist "&'Solution-based'!$B$3&"'!$"&CHAR(70+$D$3)&"$30:$"&CHAR(70+$D$3)&"$130"),INDIRECT("'Pricelist "&'Solution-based'!$B$3&"'!$O$30:$O$130"),C16),"Pricelist not found"),"") | G16: =IFERROR(E16*F16,"")
C17: # Collaboration Security Users | F17: =IF(E17>0,IFERROR(SUMIFS(INDIRECT("'Pricelist "&'Solution-based'!$B$3&"'!$"&CHAR(70+$D$3)&"$30:$"&CHAR(70+$D$3)&"$130"),INDIRECT("'Pricelist "&'Solution-based'!$B$3&"'!$O$30:$O$130"),C17),"Pricelist not found"),"") | G17: =IFERROR(E17*F17,"")
C18: # SaaS Security Posture Management Workloads (Microsoft 365 Seats) | F18: =IF(E18>0,IFERROR(SUMIFS(INDIRECT("'Pricelist "&'Solution-based'!$B$3&"'!$"&CHAR(70+$D$3)&"$42:$"&CHAR(70+$D$3)&"$130"),INDIRECT("'Pricelist "&'Solution-based'!$B$3&"'!$O$42:$O$130"),C18),"Pricelist not found"),"") | G18: =IFERROR(E18*F18,"")
A19: Security Awareness Training | C19: # Security Awareness Training (Users) | D19: Yes | F19: =IF(E19>0,IFERROR(SUMIFS(INDIRECT("'Pricelist "&'Solution-based'!$B$3&"'!$"&CHAR(70+$D$3)&"$42:$"&CHAR(70+$D$3)&"$130"),INDIRECT("'Pricelist "&'Solution-based'!$B$3&"'!$O$42:$O$130"),C19),"Pricelist not found"),"") | G19: =IFERROR(E19*F19,"")
A20: RMM | C20: # Remote Monitoring and Management (RMM) Workloads (Servers, VMs, Workstations, Hosting Servers) | D20: Yes | F20: =IF(E20>0,IFERROR(SUMIFS(INDIRECT("'Pricelist "&'Solution-based'!$B$3&"'!$"&CHAR(70+$D$3)&"$42:$"&CHAR(70+$D$3)&"$130"),INDIRECT("'Pricelist "&'Solution-based'!$B$3&"'!$O$42:$O$130"),C20),"Pricelist not found"),"") | G20: =IFERROR(E20*F20,"")
A21: PSA | C21: # Professional Services Automation (PSA) users (3 minimum) | D21: Yes | F21: =IF(E21>0,IFERROR(SUMIFS(INDIRECT("'Pricelist "&'Solution-based'!$B$3&"'!$"&CHAR(70+$D$3)&"$42:$"&CHAR(70+$D$3)&"$130"),INDIRECT("'Pricelist "&'Solution-based'!$B$3&"'!$O$42:$O$130"),C21),"Pricelist not found"),"") | G21: =IFERROR(E21*F21,"")
A22: Backup | B22: Per Workload | C22: # Physical Servers | D22: Yes | F22: =IF(E22>0,IFERROR(SUMIFS(INDIRECT("'Pricelist "&'Solution-based'!$B$3&"'!$"&CHAR(70+$D$3)&"$42:$"&CHAR(70+$D$3)&"$130"),INDIRECT("'Pricelist "&'Solution-based'!$B$3&"'!$O$42:$O$130"),C22),"Pricelist not found"),"") | G22: =IFERROR(E22*F22,"")
C23: # Network Attached Storage | F23: =IF(E23>0,IFERROR(SUMIFS(INDIRECT("'Pricelist "&'Solution-based'!$B$3&"'!$"&CHAR(70+$D$3)&"$42:$"&CHAR(70+$D$3)&"$130"),INDIRECT("'Pricelist "&'Solution-based'!$B$3&"'!$O$42:$O$130"),C23),"Pricelist not found"),"") | G23: =IFERROR(E23*F23,"")
C24: # Virtual Machines | F24: =IF(E24>0,IFERROR(SUMIFS(INDIRECT("'Pricelist "&'Solution-based'!$B$3&"'!$"&CHAR(70+$D$3)&"$42:$"&CHAR(70+$D$3)&"$130"),INDIRECT("'Pricelist "&'Solution-based'!$B$3&"'!$O$42:$O$130"),C24),"Pricelist not found"),"") | G24: =IFERROR(E24*F24,"")
C25: # Workstations | F25: =IF(E25>0,IFERROR(SUMIFS(INDIRECT("'Pricelist "&'Solution-based'!$B$3&"'!$"&CHAR(70+$D$3)&"$42:$"&CHAR(70+$D$3)&"$130"),INDIRECT("'Pricelist "&'Solution-based'!$B$3&"'!$O$42:$O$130"),C25),"Pricelist not found"),"") | G25: =IFERROR(E25*F25,"")
C26: # Hosting Servers | F26: =IF(E26>0,IFERROR(SUMIFS(INDIRECT("'Pricelist "&'Solution-based'!$B$3&"'!$"&CHAR(70+$D$3)&"$42:$"&CHAR(70+$D$3)&"$130"),INDIRECT("'Pricelist "&'Solution-based'!$B$3&"'!$O$42:$O$130"),C26),"Pricelist not found"),"") | G26: =IFERROR(E26*F26,"")
C27: # Microsoft 365 Seats (unlimited Acronis Hosted Cloud Storage included*) | F27: =IF(E27>0,IFERROR(SUMIFS(INDIRECT("'Pricelist "&'Solution-based'!$B$3&"'!$"&CHAR(70+$D$3)&"$42:$"&CHAR(70+$D$3)&"$130"),INDIRECT("'Pricelist "&'Solution-based'!$B$3&"'!$O$42:$O$130"),C27,INDIRECT("'Pricelist "&'Solution-based'!$B$3&"'!$E$42:$E$130"),$E$4),"Pricelist not found"),"") | G27: =IFERROR(E27*F27,"")
C28: # Microsoft 365 Seats (for SP/Customer/Azure/Google Hosted Storage) | F28: =IF(E28>0,IFERROR(SUMIFS(INDIRECT("'Pricelist "&'Solution-based'!$B$3&"'!$"&CHAR(70+$D$3)&"$42:$"&CHAR(70+$D$3)&"$130"),INDIRECT("'Pricelist "&'Solution-based'!$B$3&"'!$O$42:$O$130"),C28),"Pricelist not found"),"") | G28: =IFERROR(E28*F28,"")
C29: # Entra ID Seats (unlimited Acronis Hosted Cloud Storage included*) | F29: =IF(E29>0,0,"") | G29: =IFERROR(E29*F29,"")
C30: # Entra ID Seats (for SP/Azure/Google Hosted Storage) | F30: =IF(E30>0,0,"") | G30: =IFERROR(E30*F30,"")
C31: # Google Workspace Seats (unlimited Acronis Hosted Cloud Storage included*) | F31: =IF(E31>0,IFERROR(SUMIFS(INDIRECT("'Pricelist "&'Solution-based'!$B$3&"'!$"&CHAR(70+$D$3)&"$42:$"&CHAR(70+$D$3)&"$130"),INDIRECT("'Pricelist "&'Solution-based'!$B$3&"'!$O$42:$O$130"),C31,INDIRECT("'Pricelist "&'Solution-based'!$B$3&"'!$E$42:$E$130"),$E$4),"Pricelist not found"),"") | G31: =IFERROR(E31*F31,"")
C32: # Google Workspace Seats (for SP/Azure/Google Hosted Storage) | F32: =IF(E32>0,IFERROR(SUMIFS(INDIRECT("'Pricelist "&'Solution-based'!$B$3&"'!$"&CHAR(70+$D$3)&"$42:$"&CHAR(70+$D$3)&"$130"),INDIRECT("'Pricelist "&'Solution-based'!$B$3&"'!$O$42:$O$130"),C32),"Pricelist not found"),"") | G32: =IFERROR(E32*F32,"")
C33: # Mobile Devices | F33: =IF(E33>0,IFERROR(SUMIFS(INDIRECT("'Pricelist "&'Solution-based'!$B$3&"'!$"&CHAR(70+$D$3)&"$42:$"&CHAR(70+$D$3)&"$130"),INDIRECT("'Pricelist "&'Solution-based'!$B$3&"'!$O$42:$O$130"),C33),"Pricelist not found"),"") | G33: =IFERROR(E33*F33,"")
C34: Acronis Cloud Storage at Acronis Datacenter (for Per Workload model) | F34: =IF(E34>0,IFERROR(SUMIFS(INDIRECT("'Pricelist "&'Solution-based'!$B$3&"'!$"&CHAR(70+$D$3)&"$42:$"&CHAR(70+$D$3)&"$130"),INDIRECT("'Pricelist "&'Solution-based'!$B$3&"'!$O$42:$O$130"),C34,INDIRECT("'Pricelist "&'Solution-based'!$B$3&"'!$E$42:$E$130"),$E$4),"Pricelist not found"),"") | G34: =IFERROR(E34*F34,"")
C35: Acronis Cloud Storage at Azure/Google datacenters (for Per Workload model) | F35: =IF(E35>0,IFERROR(SUMIFS(INDIRECT("'Pricelist "&'Solution-based'!$B$3&"'!$"&CHAR(70+$D$3)&"$42:$"&CHAR(70+$D$3)&"$130"),INDIRECT("'Pricelist "&'Solution-based'!$B$3&"'!$O$42:$O$130"),C35),"Pricelist not found"),"") | G35: =IFERROR(E35*F35,"")
B36: Per GB | C36: Acronis Cloud Storage at Acronis Datacenter (for Per GB model) | D36: Yes | F36: =IF(E36>0,IFERROR(SUMIFS(INDIRECT("'Pricelist "&'Solution-based'!$B$3&"'!$"&CHAR(70+$D$3)&"$42:$"&CHAR(70+$D$3)&"$130"),INDIRECT("'Pricelist "&'Solution-based'!$B$3&"'!$O$42:$O$130"),C36,INDIRECT("'Pricelist "&'Solution-based'!$B$3&"'!$E$42:$E$130"),$E$4),"Pricelist not found"),"") | G36: =IFERROR(E36*F36,"")
C37: Acronis Cloud Storage at Azure/Google datacenters (for Per GB model) | F37: =IF(E37>0,IFERROR(SUMIFS(INDIRECT("'Pricelist "&'Solution-based'!$B$3&"'!$"&CHAR(70+$D$3)&"$42:$"&CHAR(70+$D$3)&"$130"),INDIRECT("'Pricelist "&'Solution-based'!$B$3&"'!$O$42:$O$130"),C37),"Pricelist not found"),"") | G37: =IFERROR(E37*F37,"")
C38: Cloud - Service Provider Hosted Storage | F38: =IF(E38>0,IFERROR(SUMIFS(INDIRECT("'Pricelist "&'Solution-based'!$B$3&"'!$"&CHAR(70+$D$3)&"$42:$"&CHAR(70+$D$3)&"$130"),INDIRECT("'Pricelist "&'Solution-based'!$B$3&"'!$O$42:$O$130"),C38),"Pricelist not found"),"") | G38: =IFERROR(E38*F38,"")
C39: Customer Storage | F39: =IF(E39>0,IFERROR(SUMIFS(INDIRECT("'Pricelist "&'Solution-based'!$B$3&"'!$"&CHAR(70+$D$3)&"$42:$"&CHAR(70+$D$3)&"$130"),INDIRECT("'Pricelist "&'Solution-based'!$B$3&"'!$O$42:$O$130"),C39),"Pricelist not found"),"") | G39: =IFERROR(E39*F39,"")
B40: Microsoft 365 Backup from Microsoft | C40: Microsoft 365 Backup Storage powered by Microsoft (per GB, for both per GB and per workload models) | D40: Yes | F40: =IF(E40>0,IFERROR(SUMIFS(INDIRECT("'Pricelist "&'Solution-based'!$B$3&"'!$"&CHAR(70+$D$3)&"$42:$"&CHAR(70+$D$3)&"$130"),INDIRECT("'Pricelist "&'Solution-based'!$B$3&"'!$O$42:$O$130"),C40),"Pricelist not found"),"") | G40: =IFERROR(E40*F40,"")
B41: Geo-replication | C41: Per GB/Workload model - Backup Geo-redundant - Acronis Hosted Storage | D41: Requires Backup | F41: =IF(AND(E41>0,$E$4="G2"),"Not available for G2",IF(E41>0,IFERROR(SUMIFS(INDIRECT("'Pricelist "&'Solution-based'!$B$3&"'!$"&CHAR(70+$D$3)&"$42:$"&CHAR(70+$D$3)&"$130"),INDIRECT("'Pricelist "&'Solution-based'!$B$3&"'!$O$42:$O$130"),C41),"Pricelist not found"),"")) | G41: =IFERROR(E41*F41,"")
C42: Per Workload model - # Geo-redundant Microsoft 365 seat (unlimited Acronis Hosted Cloud Storage included*) | F42: =IF(AND(E42>0,$E$4="G2"),"Not available for G2",IF(E42>0,IFERROR(SUMIFS(INDIRECT("'Pricelist "&'Solution-based'!$B$3&"'!$"&CHAR(70+$D$3)&"$42:$"&CHAR(70+$D$3)&"$130"),INDIRECT("'Pricelist "&'Solution-based'!$B$3&"'!$O$42:$O$130"),C42),"Pricelist not found"),"")) | G42: =IFERROR(E42*F42,"")
C43: Per Workload model - # Geo-redundant Google Workspace seat (unlimited Acronis Hosted Cloud Storage included*) | F43: =IF(AND(E43>0,$E$4="G2"),"Not available for G2",IF(E43>0,IFERROR(SUMIFS(INDIRECT("'Pricelist "&'Solution-based'!$B$3&"'!$"&CHAR(70+$D$3)&"$42:$"&CHAR(70+$D$3)&"$130"),INDIRECT("'Pricelist "&'Solution-based'!$B$3&"'!$O$42:$O$130"),C43),"Pricelist not found"),"")) | G43: =IFERROR(E43*F43,"")
B44: Direct Backup to Public Cloud | C44: # Direct Backup to Public Cloud, Physical Servers | D44: Requires Backup | F44: =IF(E44>0,IFERROR(SUMIFS(INDIRECT("'Pricelist "&'Solution-based'!$B$3&"'!$"&CHAR(70+$D$3)&"$42:$"&CHAR(70+$D$3)&"$130"),INDIRECT("'Pricelist "&'Solution-based'!$B$3&"'!$O$42:$O$130"),C44),"Pricelist not found"),"") | G44: =IFERROR(E44*F44,"")
C45: # Direct Backup to Public Cloud, Virtual Machines | F45: =IF(E45>0,IFERROR(SUMIFS(INDIRECT("'Pricelist "&'Solution-based'!$B$3&"'!$"&CHAR(70+$D$3)&"$42:$"&CHAR(70+$D$3)&"$130"),INDIRECT("'Pricelist "&'Solution-based'!$B$3&"'!$O$42:$O$130"),C45),"Pricelist not found"),"") | G45: =IFERROR(E45*F45,"")
C46: # Direct Backup to Public Cloud, Workstations | F46: =IF(E46>0,IFERROR(SUMIFS(INDIRECT("'Pricelist "&'Solution-based'!$B$3&"'!$"&CHAR(70+$D$3)&"$42:$"&CHAR(70+$D$3)&"$130"),INDIRECT("'Pricelist "&'Solution-based'!$B$3&"'!$O$42:$O$130"),C46),"Pricelist not found"),"") | G46: =IFERROR(E46*F46,"")
C47: # Direct Backup to Public Cloud, Hosting Servers | F47: =IF(E47>0,IFERROR(SUMIFS(INDIRECT("'Pricelist "&'Solution-based'!$B$3&"'!$"&CHAR(70+$D$3)&"$42:$"&CHAR(70+$D$3)&"$130"),INDIRECT("'Pricelist "&'Solution-based'!$B$3&"'!$O$42:$O$130"),C47),"Pricelist not found"),"") | G47: =IFERROR(E47*F47,"")
A48: Disaster Recovery | C48: Disaster Recovery Cloud Storage - Acronis Hosted | D48: Requires Backup | F48: =IF(E48>0,IFERROR(SUMIFS(INDIRECT("'Pricelist "&'Solution-based'!$B$3&"'!$"&CHAR(70+$D$3)&"$42:$"&CHAR(70+$D$3)&"$130"),INDIRECT("'Pricelist "&'Solution-based'!$B$3&"'!$O$42:$O$130"),C48,INDIRECT("'Pricelist "&'Solution-based'!$B$3&"'!$E$42:$E$130"),$E$4),"Pricelist not found"),"") | G48: =IFERROR(E48*F48,"")
C49: Disaster Recovery Cloud Storage - Service Provider Hosted | F49: =IF(E49>0,IFERROR(SUMIFS(INDIRECT("'Pricelist "&'Solution-based'!$B$3&"'!$"&CHAR(70+$D$3)&"$42:$"&CHAR(70+$D$3)&"$130"),INDIRECT("'Pricelist "&'Solution-based'!$B$3&"'!$O$42:$O$130"),C49),"Pricelist not found"),"") | G49: =IFERROR(E49*F49,"")
C50: Monthly Compute Point Consumption (tests) | E50: =IF('Compute points'!F13=0,"",'Compute points'!F13) | F50: =IF(E50<>"",IFERROR(SUMIFS(INDIRECT("'Pricelist "&'Solution-based'!$B$3&"'!$"&CHAR(70+$D$3)&"$42:$"&CHAR(70+$D$3)&"$130"),INDIRECT("'Pricelist "&'Solution-based'!$B$3&"'!$O$42:$O$130"),C50),"Pricelist not found"),"") | G50: =IFERROR(E50*F50,"")
C51: Public IPs | F51: =IF(E51>0,IFERROR(SUMIFS(INDIRECT("'Pricelist "&'Solution-based'!$B$3&"'!$"&CHAR(70+$D$3)&"$42:$"&CHAR(70+$D$3)&"$130"),INDIRECT("'Pricelist "&'Solution-based'!$B$3&"'!$O$42:$O$130"),C51),"Pricelist not found"),"") | G51: =IFERROR(E51*F51,"")
C52: # DR and Direct Backup to Azure workloads | F52: =IF(E52>0,IFERROR(SUMIFS(INDIRECT("'Pricelist "&'Solution-based'!$B$3&"'!$"&CHAR(70+$D$3)&"$42:$"&CHAR(70+$D$3)&"$130"),INDIRECT("'Pricelist "&'Solution-based'!$B$3&"'!$O$42:$O$130"),C52),"Pricelist not found"),"") | G52: =IFERROR(E52*F52,"")
A53: Email Archiving | B53: Per Workload | C53: # Microsoft 365 Archiving Seats (with unlimited Acronis Hosted Cloud storage*) | D53: Yes | F53: =IF(E53>0,IFERROR(SUMIFS(INDIRECT("'Pricelist "&'Solution-based'!$B$3&"'!$"&CHAR(70+$D$3)&"$42:$"&CHAR(70+$D$3)&"$130"),INDIRECT("'Pricelist "&'Solution-based'!$B$3&"'!$O$42:$O$130"),C53,INDIRECT("'Pricelist "&'Solution-based'!$B$3&"'!$E$42:$E$130"),$E$4),"Pricelist not found"),"") | G53: =IFERROR(E53*F53,"")
C54: # Microsoft 365 Archiving Seats (for SP/Azure/Google Hosted storage) | F54: =IF(E54>0,IFERROR(SUMIFS(INDIRECT("'Pricelist "&'Solution-based'!$B$3&"'!$"&CHAR(70+$D$3)&"$42:$"&CHAR(70+$D$3)&"$130"),INDIRECT("'Pricelist "&'Solution-based'!$B$3&"'!$O$42:$O$130"),C54),"Pricelist not found"),"") | G54: =IFERROR(E54*F54,"")
C55: Acronis Cloud Storage for Email Archiving at Azure/Google datacenters (for Per Workload model) | F55: =IF(E55>0,IFERROR(SUMIFS(INDIRECT("'Pricelist "&'Solution-based'!$B$3&"'!$"&CHAR(70+$D$3)&"$42:$"&CHAR(70+$D$3)&"$130"),INDIRECT("'Pricelist "&'Solution-based'!$B$3&"'!$O$42:$O$130"),C55),"Pricelist not found"),"") | G55: =IFERROR(E55*F55,"")
B56: Per GB | C56: Acronis Cloud Storage for Email Archiving at Acronis Datacenter (for Per GB model) | D56: Yes | F56: =IF(E56>0,IFERROR(SUMIFS(INDIRECT("'Pricelist "&'Solution-based'!$B$3&"'!$"&CHAR(70+$D$3)&"$42:$"&CHAR(70+$D$3)&"$130"),INDIRECT("'Pricelist "&'Solution-based'!$B$3&"'!$O$42:$O$130"),C56,INDIRECT("'Pricelist "&'Solution-based'!$B$3&"'!$E$42:$E$130"),$E$4),"Pricelist not found"),"") | G56: =IFERROR(E56*F56,"")
C57: Email Archiving Cloud Storage - Service Provider Hosted | F57: =IF(E57>0,IFERROR(SUMIFS(INDIRECT("'Pricelist "&'Solution-based'!$B$3&"'!$"&CHAR(70+$D$3)&"$42:$"&CHAR(70+$D$3)&"$130"),INDIRECT("'Pricelist "&'Solution-based'!$B$3&"'!$O$42:$O$130"),C57),"Pricelist not found"),"") | G57: =IFERROR(E57*F57,"")
C58: Acronis Cloud Storage for Email Archiving at Azure/Google datacenters (for Per GB model) | F58: =IF(E58>0,IFERROR(SUMIFS(INDIRECT("'Pricelist "&'Solution-based'!$B$3&"'!$"&CHAR(70+$D$3)&"$42:$"&CHAR(70+$D$3)&"$130"),INDIRECT("'Pricelist "&'Solution-based'!$B$3&"'!$O$42:$O$130"),C58),"Pricelist not found"),"") | G58: =IFERROR(E58*F58,"")
A59: 4. Input data for Cyber Workspace, FSS, ACI and Archival Storage
A60: Cyber Frame | B60: Cyber Frame Local | C60: # Physical Cores, Standard Support Included | D60: Yes | F60: =IF(E60>0,IFERROR(SUMIFS(INDIRECT("'Pricelist "&'Solution-based'!$B$3&"'!$"&CHAR(70+$D$3)&"$3:$"&CHAR(70+$D$3)&"$130"),INDIRECT("'Pricelist "&'Solution-based'!$B$3&"'!$O$3:$O$130"),C60),"Pricelist not found"),"") | G60: =IFERROR(E60*F60,"")
B61: Cyber Frame Cloud | C61: # Used Standard vCPUs | D61: Yes | F61: =IF(E61>0,IFERROR(SUMIFS(INDIRECT("'Pricelist "&'Solution-based'!$B$3&"'!$"&CHAR(70+$D$3)&"$3:$"&CHAR(70+$D$3)&"$130"),INDIRECT("'Pricelist "&'Solution-based'!$B$3&"'!$O$3:$O$130"),C61),"Pricelist not found"),"") | G61: =IFERROR(E61*F61,"")
C62: # GB of used Standard RAM | F62: =IF(E62>0,IFERROR(SUMIFS(INDIRECT("'Pricelist "&'Solution-based'!$B$3&"'!$"&CHAR(70+$D$3)&"$3:$"&CHAR(70+$D$3)&"$130"),INDIRECT("'Pricelist "&'Solution-based'!$B$3&"'!$O$3:$O$130"),C62),"Pricelist not found"),"") | G62: =IFERROR(E62*F62,"")
C63: Cyber Frame Cloud Block Storage | F63: =IF(E63>0,IFERROR(SUMIFS(INDIRECT("'Pricelist "&'Solution-based'!$B$3&"'!$"&CHAR(70+$D$3)&"$3:$"&CHAR(70+$D$3)&"$130"),INDIRECT("'Pricelist "&'Solution-based'!$B$3&"'!$O$3:$O$130"),C63),"Pricelist not found"),"") | G63: =IFERROR(E63*F63,"")
C64: # Public IPs for Cyber Frame Cloud | F64: =IF(E64>0,IFERROR(SUMIFS(INDIRECT("'Pricelist "&'Solution-based'!$B$3&"'!$"&CHAR(70+$D$3)&"$3:$"&CHAR(70+$D$3)&"$130"),INDIRECT("'Pricelist "&'Solution-based'!$B$3&"'!$O$3:$O$130"),C64),"Pricelist not found"),"") | G64: =IFERROR(E64*F64,"")
C65: # Windows Licenses (per licensed vCPU) | F65: =IF(E65>0,IFERROR(SUMIFS(INDIRECT("'Pricelist "&'Solution-based'!$B$3&"'!$"&CHAR(70+$D$3)&"$3:$"&CHAR(70+$D$3)&"$130"),INDIRECT("'Pricelist "&'Solution-based'!$B$3&"'!$O$3:$O$130"),C65),"Pricelist not found"),"") | G65: =IFERROR(E65*F65,"")
A66: Cyber Workspace | B66: Cyber Employee | C66: # Cyber Employee Agents | D66: Yes | F66: =IF(AND(E66>0,$E$4="G2"),"Not available for G2",IF(E66>0,IFERROR(SUMIFS(INDIRECT("'Pricelist "&'Solution-based'!$B$3&"'!$"&CHAR(70+$D$3)&"$42:$"&CHAR(70+$D$3)&"$130"),INDIRECT("'Pricelist "&'Solution-based'!$B$3&"'!$O$42:$O$130"),C66),"Pricelist not found"),"")) | G66: =IFERROR(E66*F66,"")
C67: # Cyber Employee Usage Units | F67: =IF(AND(E67>0,$E$4="G2"),"Not available for G2",IF(E67>0,IFERROR(SUMIFS(INDIRECT("'Pricelist "&'Solution-based'!$B$3&"'!$"&CHAR(70+$D$3)&"$42:$"&CHAR(70+$D$3)&"$130"),INDIRECT("'Pricelist "&'Solution-based'!$B$3&"'!$O$42:$O$130"),C67),"Pricelist not found"),"")) | G67: =IFERROR(E67*F67,"")
A68: Acronis Cyber Files Cloud | B68: Per User | C68: # of Cyber Files Users | D68: Yes | F68: =IF(E68>0,IFERROR(SUMIFS(INDIRECT("'Pricelist "&'Solution-based'!$B$3&"'!$"&CHAR(70+$D$3)&"$42:$"&CHAR(70+$D$3)&"$130"),INDIRECT("'Pricelist "&'Solution-based'!$B$3&"'!$O$42:$O$130"),C68),"Pricelist not found"),"") | G68: =IFERROR(E68*F68,"")
C69: Cyber Files Cloud Acronis Hosted Storage (for per User Model) | F69: =IF(E69>0,IFERROR(SUMIFS(INDIRECT("'Pricelist "&'Solution-based'!$B$3&"'!$"&CHAR(70+$D$3)&"$42:$"&CHAR(70+$D$3)&"$130"),INDIRECT("'Pricelist "&'Solution-based'!$B$3&"'!$O$42:$O$130"),C69,INDIRECT("'Pricelist "&'Solution-based'!$B$3&"'!$E$42:$E$130"),$E$4),"Pricelist not found"),"") | G69: =IFERROR(E69*F69,"")
B70: Per GB | C70: Cyber Files Cloud Acronis Hosted Storage (for per GB Model) | D70: Yes | F70: =IF(E70>0,IFERROR(SUMIFS(INDIRECT("'Pricelist "&'Solution-based'!$B$3&"'!$"&CHAR(70+$D$3)&"$42:$"&CHAR(70+$D$3)&"$130"),INDIRECT("'Pricelist "&'Solution-based'!$B$3&"'!$O$42:$O$130"),C70,INDIRECT("'Pricelist "&'Solution-based'!$B$3&"'!$E$42:$E$130"),$E$4),"Pricelist not found"),"") | G70: =IFERROR(E70*F70,"")
C71: Cyber Files Cloud Service Provider Hosted Storage | F71: =IF(E71>0,IFERROR(SUMIFS(INDIRECT("'Pricelist "&'Solution-based'!$B$3&"'!$"&CHAR(70+$D$3)&"$42:$"&CHAR(70+$D$3)&"$130"),INDIRECT("'Pricelist "&'Solution-based'!$B$3&"'!$O$42:$O$130"),C71),"Pricelist not found"),"") | G71: =IFERROR(E71*F71,"")
A72: Acronis Cyber Infrastructure | C72: Storage Required for S3/iSCSI/NFS/Compute (Per GB) | D72: Yes | F72: =IF(E72>0,IFERROR(SUMIFS(INDIRECT("'Pricelist "&'Solution-based'!$B$3&"'!$"&CHAR(70+$D$3)&"$42:$"&CHAR(70+$D$3)&"$130"),INDIRECT("'Pricelist "&'Solution-based'!$B$3&"'!$O$42:$O$130"),C72),"Pricelist not found"),"") | G72: =IFERROR(E72*F72,"")
E73: Service-based licensing Monthly cost | G73: =SUM(G6:G72) -> 0
E74: Solution-based licensing Monthly cost | G74: ='Solution-based'!G50 -> 0
E75: Total monthly cost (no commitment applied) | G75: =G73+G74 -> 0
E76: Monthly cost | G76: =IF(G75>E3,G75,E3) -> 250
E77: Yearly cost | G77: =G76*12 -> 3000
A78: * based on the fair usage policy: https://www.acronis.com/en-us/company/licensing/

Sheet Pricelist USD
A1: Group | D1: SKU Name | E1: DC group | F1: SKU | G1: Commitment 1 | H1: Commitment 2 | I1: Commitment 3 | J1: Commitment 4 | K1: Commitment 5 | L1: Commitment 6 | M1: Commitment 7 | N1: Commitment 8 | O1: This is master version. Other pricelists should do vlookup with this one (and add any SKUs afterwards, if SKU not present in US)
G2: 250 | H2: 500 | I2: 1000 | J2: 2000 | K2: 4000 | L2: 7000 | M2: 10000 | N2: 15000
A3: Solution- based Licensing | B3: Security + RMM | D3: Security + RMM - WL - Endpoint - Acronis Cyber Protect Cloud | E3: All | F3: SESDMSENS | G3: 2.8 | H3: 2.6 | I3: 2.29 | J3: 1.99 | K3: 1.65 | L3: 1.58 | M3: 1.5 | N3: 1.47 | O3: ='Solution-based'!C8 -> # Endpoint Security (Servers, VMs, Workstations)
D4: Security + RMM - WL - Microsoft 365 seat - Acronis Cyber Protect Cloud | E4: All | F4: SESEMSENS | G4: 3.2 | H4: 3.1 | I4: 3.01 | J4: 2.86 | K4: 2.72 | L4: 2.61 | M4: 2.51 | N4: 2.46 | O4: ='Solution-based'!C9 -> # Microsoft 365 Security
D5: Security + RMM - WL - Google Workspace seat - Acronis Cyber Protect Cloud | E5: All | F5: SESFMSENS | G5: 2.4 | H5: 2.33 | I5: 2.26 | J5: 2.15 | K5: 2.04 | L5: 1.96 | M5: 1.88 | N5: 1.84 | O5: ='Solution-based'!C10 -> # Google Workspace Security
B6: Backup and Disaster Recovery | C6: G1 DC group | D6: BDR - WL - Server (3 TB of Acronis Hosted Storage included) - G1 - Acronis Cyber Protect Cloud | E6: G1 | F6: SBDAMSENS | G6: 65 | H6: 60.45 | I6: 55.61 | J6: 50.05 | K6: 46.05 | L6: 44.21 | M6: 42 | N6: 41.16 | O6: ='Solution-based'!C11 -> # BDR Server (3 TB of Acronis Hosted Storage included)
D7: BDR - WL - VM (2 TB of Acronis Hosted Storage included) - G1 - Acronis Cyber Protect Cloud | E7: G1 | F7: SBDBMSENS | G7: 45 | H7: 41.85 | I7: 38.5 | J7: 34.65 | K7: 31.88 | L7: 30.6 | M7: 29.07 | N7: 28.49 | O7: ='Solution-based'!C12 -> # BDR Virtual Machine (2 TB of Acronis Hosted Storage included)
D8: BDR - WL - Workstation (300 GB of Acronis Hosted Storage included) - G1 - Acronis Cyber Protect Cloud | E8: G1 | F8: SBDCMSENS | G8: 9 | H8: 8.37 | I8: 7.7 | J8: 6.55 | K8: 5.9 | L8: 5.55 | M8: 5.11 | N8: 5.01 | O8: ='Solution-based'!C13 -> # BDR Workstation (300 GB of Acronis Hosted Storage included)
D9: BDR - WL - Microsoft 365 seat (unlimited Acronis Hosted Cloud Storage included1) - G1 - Acronis Cyber Protect Cloud | E9: G1 | F9: SBDDMSENS | G9: 3 | H9: 2.85 | I9: 2.65 | J9: 2.39 | K9: 2.2 | L9: 2.11 | M9: 2.03 | N9: 1.99 | O9: ='Solution-based'!C14 -> # Microsoft 365 Backup + Archiving (unlimited Acronis Hosted Cloud Storage included*)
D10: BDR - WL - Google Workspace seat (unlimited Acronis Hosted Cloud Storage included1) - G1 - Acronis Cyber Protect Cloud | E10: G1 | F10: SBDEMSENS | G10: 2.4 | H10: 2.28 | I10: 2.12 | J10: 1.91 | K10: 1.76 | L10: 1.69 | M10: 1.62 | N10: 1.59 | O10: ='Solution-based'!C15 -> # Google Workspace Backup (unlimited Acronis Hosted Cloud Storage included*)
D11: BDR - WL - Mobile Backup (50 GB of Acronis Hosted Storage included) - G1 - Acronis Cyber Protect Cloud | E11: G1 | F11: SBDGMSENS | G11: 2 | H11: 1.84 | I11: 1.69 | J11: 1.4 | K11: 1.19 | L11: 1.14 | M11: 1.09 | N11: 1.06 | O11: ='Solution-based'!C16 -> # Mobile Backup (50 GB od Acronis Hosted Storage included)
C12: G2 DC group | D12: BDR - WL - Server (3 TB of Acronis Hosted Storage included) - G2 - Acronis Cyber Protect Cloud | E12: G2 | F12: SBDHMSENS | G12: 81.5 | H12: 75.8 | I12: 69.74 | J12: 62.77 | K12: 57.75 | L12: 55.44 | M12: 52.67 | N12: 51.62 | O12: ='Solution-based'!C11 -> # BDR Server (3 TB of Acronis Hosted Storage included)
D13: BDR - WL - VM (2 TB of Acronis Hosted Storage included) - G2 - Acronis Cyber Protect Cloud | E13: G2 | F13: SBDIMSENS | G13: 56.5 | H13: 52.55 | I13: 48.35 | J13: 43.52 | K13: 40.04 | L13: 38.44 | M13: 36.52 | N13: 35.79 | O13: ='Solution-based'!C12 -> # BDR Virtual Machine (2 TB of Acronis Hosted Storage included)
D14: BDR - WL - Workstation (300 GB of Acronis Hosted Storage included) - G2 - Acronis Cyber Protect Cloud | E14: G2 | F14: SBDJMSENS | G14: 11.3 | H14: 10.51 | I14: 9.67 | J14: 8.51 | K14: 7.74 | L14: 7.28 | M14: 6.84 | N14: 6.7 | O14: ='Solution-based'!C13 -> # BDR Workstation (300 GB of Acronis Hosted Storage included)
D15: BDR - WL - Microsoft 365 seat (unlimited Acronis Hosted Cloud Storage included1) - G2 - Acronis Cyber Protect Cloud | E15: G2 | F15: SBDKMSENS | G15: 4.1 | H15: 3.9 | I15: 3.63 | J15: 3.27 | K15: 3.01 | L15: 2.89 | M15: 2.77 | N15: 2.71 | O15: ='Solution-based'!C14 -> # Microsoft 365 Backup + Archiving (unlimited Acronis Hosted Cloud Storage included*)
D16: BDR - WL - Google Workspace seat (unlimited Acronis Hosted Cloud Storage included1) - G2 - Acronis Cyber Protect Cloud | E16: G2 | F16: SBDLMSENS | G16: 3.22 | H16: 3.06 | I16: 2.85 | J16: 2.57 | K16: 2.36 | L16: 2.27 | M16: 2.18 | N16: 2.14 | O16: ='Solution-based'!C15 -> # Google Workspace Backup (unlimited Acronis Hosted Cloud Storage included*)
D17: BDR - WL - Mobile Backup (50 GB of Acronis Hosted Storage included) - G2 - Acronis Cyber Protect Cloud | E17: G2 | F17: SBDNMSENS | G17: 2.3 | H17: 2.12 | I17: 1.95 | J17: 1.62 | K17: 1.38 | L17: 1.32 | M17: 1.27 | N17: 1.23 | O17: ='Solution-based'!C16 -> # Mobile Backup (50 GB od Acronis Hosted Storage included)
B18: Ultimate Protection | C18: G1 DC group | D18: Ultimate Protection - WL - Server (3 TB of Acronis Hosted Storage included) - G1 - Acronis Cyber Protect Cloud | E18: G1 | F18: SUPCMSENS | G18: 71 | H18: 66.03 | I18: 60.75 | J18: 54.68 | K18: 51.95 | L18: 50.39 | M18: 48.88 | N18: 47.9 | O18: ='Solution-based'!C17 -> # Ultimate Server (3 TB of Acronis Hosted Storage included)
D19: Ultimate Protection - WL - VM (2 TB of Acronis Hosted Storage included) - G1 - Acronis Cyber Protect Cloud | E19: G1 | F19: SUPDMSENS | G19: 50 | H19: 46.5 | I19: 43.25 | J19: 40.66 | K19: 39.03 | L19: 37.86 | M19: 37.1 | N19: 36.36 | O19: ='Solution-based'!C18 -> # Ultimate Virtual Machine (2 TB of Acronis Hosted Storage included)
D20: Ultimate Protection - WL - Workstation (300 GB of Acronis Hosted Storage included) - G1 - Acronis Cyber Protect Cloud | E20: G1 | F20: SUPEMSENS | G20: 13.5 | H20: 12.56 | I20: 11.56 | J20: 10.17 | K20: 9.25 | L20: 8.7 | M20: 8.18 | N20: 8.02 | O20: ='Solution-based'!C19 -> # Ultimate Workstation (300 GB of Acronis Hosted Storage included)
D21: Ultimate Protection - WL - Microsoft 365 seat (unlimited Acronis Hosted Cloud Storage included1) - G1 - Acronis Cyber Protect Cloud | E21: G1 | F21: SUPFMSENS | G21: 8.2 | H21: 7.79 | I21: 7.32 | J21: 6.73 | K21: 6.19 | L21: 6 | M21: 5.82 | N21: 5.7 | O21: ='Solution-based'!C20 -> # Ultimate Microsoft 365 (unlimited Acronis Hosted Cloud Storage included*)
D22: Ultimate Protection - WL - Google Workspace seat (unlimited Acronis Hosted Cloud Storage included1) - G1 - Acronis Cyber Protect Cloud | E22: G1 | F22: SUPGMSENS | G22: 4.5 | H22: 4.28 | I22: 4.02 | J22: 3.7 | K22: 3.4 | L22: 3.3 | M22: 3.2 | N22: 3.14 | O22: ='Solution-based'!C21 -> # Ultimate Google Workspace (unlimited Acronis Hosted Cloud Storage included*)
C23: G2 DC group | D23: Ultimate Protection - WL - Server (3 TB of Acronis Hosted Storage included) - G2 - Acronis Cyber Protect Cloud | E23: G2 | F23: SUPHMSENS | G23: 87.5 | H23: 81.38 | I23: 74.87 | J23: 67.38 | K23: 64.01 | L23: 62.09 | M23: 60.23 | N23: 59.03 | O23: ='Solution-based'!C17 -> # Ultimate Server (3 TB of Acronis Hosted Storage included)
D24: Ultimate Protection - WL - VM (2 TB of Acronis Hosted Storage included) - G2 - Acronis Cyber Protect Cloud | E24: G2 | F24: SUPIMSENS | G24: 61.5 | H24: 57.2 | I24: 53.2 | J24: 50.01 | K24: 48.01 | L24: 46.57 | M24: 45.64 | N24: 44.73 | O24: ='Solution-based'!C18 -> # Ultimate Virtual Machine (2 TB of Acronis Hosted Storage included)
D25: Ultimate Protection - WL - Workstation (300 GB of Acronis Hosted Storage included) - G2 - Acronis Cyber Protect Cloud | E25: G2 | F25: SUPJMSENS | G25: 16.2 | H25: 15.07 | I25: 13.86 | J25: 12.2 | K25: 11.1 | L25: 10.43 | M25: 9.8 | N25: 9.6 | O25: ='Solution-based'!C19 -> # Ultimate Workstation (300 GB of Acronis Hosted Storage included)
D26: Ultimate Protection - WL - Microsoft 365 seat (unlimited Acronis Hosted Cloud Storage included1) - G2 - Acronis Cyber Protect Cloud | E26: G2 | F26: SUPKMSENS | G26: 9.5 | H26: 9.03 | I26: 8.49 | J26: 7.81 | K26: 7.19 | L26: 6.97 | M26: 6.76 | N26: 6.62 | O26: ='Solution-based'!C20 -> # Ultimate Microsoft 365 (unlimited Acronis Hosted Cloud Storage included*)
D27: Ultimate Protection - WL - Google Workspace seat (unlimited Acronis Hosted Cloud Storage included1) - G2 - Acronis Cyber Protect Cloud | E27: G2 | F27: SUPLMSENS | G27: 5.35 | H27: 5.08 | I27: 4.78 | J27: 4.4 | K27: 4.05 | L27: 3.93 | M27: 3.81 | N27: 3.73 | O27: ='Solution-based'!C21 -> # Ultimate Google Workspace (unlimited Acronis Hosted Cloud Storage included*)
B28: Managed Detection and Response | D28: Solution-based Licensing - WL - Managed Detection and Response by Acronis TRU - Partner-level - Standard - Acronis Cyber Protect Cloud | E28: All | F28: SRS8MSENS | G28: 1.9 | H28: 1.8 | I28: 1.7 | J28: 1.65 | K28: 1.6 | L28: 1.55 | M28: 1.5 | N28: 1.45 | O28: ='Solution-based'!C23 -> # Standard In-house MDR Workloads for Solution-Base Licensing, Partner-level (Servers, VMs, Workstations, Hosting Servers)
D29: Solution-based Licensing - WL - Managed Detection and Response by Acronis TRU - Partner-level - Advanced - Acronis Cyber Protect Cloud | E29: All | F29: SRS9MSENS | G29: 3.2 | H29: 3 | I29: 2.9 | J29: 2.8 | K29: 2.7 | L29: 2.6 | M29: 2.5 | N29: 2.4 | O29: ='Solution-based'!C24 -> # Advanced In-house MDR Workloads for Solution-Base Licensing, Partner-level (Servers, VMs, Workstations, Hosting Servers)
D30: Solution-based Licensing - WL - Managed Detection and Response by Acronis TRU - Customer-level - Standard - Acronis Cyber Protect Cloud | E30: All | F30: SRSVMSENS | G30: 2.4 | H30: 2.3 | I30: 2.2 | J30: 2.15 | K30: 2.1 | L30: 2.05 | M30: 2 | N30: 1.95 | O30: ='Solution-based'!C25 -> # Standard In-house MDR Workloads for Solution-Base Licensing, Customer-level (Servers, VMs, Workstations, Hosting Servers)
D31: Solution-based Licensing - WL - Managed Detection and Response by Acronis TRU - Customer-level - Advanced - Acronis Cyber Protect Cloud | E31: All | F31: SRSWMSENS | G31: 3.7 | H31: 3.5 | I31: 3.4 | J31: 3.3 | K31: 3.2 | L31: 3.1 | M31: 3 | N31: 2.9 | O31: ='Solution-based'!C26 -> # Advanced In-house MDR Workloads for Solution-Base Licensing, Customer-level (Servers, VMs, Workstations, Hosting Servers)
D32: Solution-based Licensing - WL - Managed Detection and Response - 3rd party - Standard - Acronis Cyber Protect Cloud | E32: All | F32: SRS6MSENS | G32: 3.2 | H32: 3.1 | I32: 3 | J32: 2.9 | K32: 2.8 | L32: 2.78 | M32: 2.75 | N32: 2.69 | O32: ='Solution-based'!C27 -> # Standard 3rd Party MDR Workloads for Solution-Base Licensing (Servers, VMs, Workstations, Hosting Servers)
D33: Solution-based Licensing - WL - Managed Detection and Response - 3rd party - Advanced - Acronis Cyber Protect Cloud | E33: All | F33: SRS7MSENS | G33: 6.4 | H33: 6.2 | I33: 6 | J33: 5.8 | K33: 5.6 | L33: 5.55 | M33: 5.5 | N33: 5.37 | O33: ='Solution-based'!C28 -> # Advanced 3rd Party MDR Workloads for Solution-Base Licensing (Servers, VMs, Workstations, Hosting Servers)
B34: Security Awareness Training | D34: Solution-based Licensing - Security Awareness Training (per user) - Acronis Cyber Protect Cloud | E34: All | F34: SBSTFNLOS | G34: 1.4 | H34: 1.33 | I34: 1.24 | J34: 1.12 | K34: 1.03 | L34: 0.99 | M34: 0.95 | N34: 0.93 | O34: ='Solution-based'!C29 -> # Security Awareness Training for Solution-based Licensing (Users)
B35: Additional Storage | D35: Solution-based Licensing - Acronis Hosted Storage (per GB) - G1 - Acronis Cyber Protect Cloud | E35: G1 | F35: SPSAMSENS | G35: 0.0435 | H35: 0.0387 | I35: 0.0341 | J35: 0.0286 | K35: 0.0232 | L35: 0.0218 | M35: 0.0209 | N35: 0.0203 | O35: ='Solution-based'!C30 -> Acronis Cloud Storage at Acronis Datacenter (for Solution-based Licensing overages)
D36: Solution-based Licensing - Acronis Hosted Storage (per GB) - G2 - Acronis Cyber Protect Cloud | E36: G2 | F36: SPS2MSENS | G36: 0.0546 | H36: 0.0486 | I36: 0.0428 | J36: 0.036 | K36: 0.0292 | L36: 0.0274 | M36: 0.0263 | N36: 0.0258 | O36: ='Solution-based'!C30 -> Acronis Cloud Storage at Acronis Datacenter (for Solution-based Licensing overages)
B37: Geo-Replication | D37: Solution-based Licensing - Geo-redundant - GB - Acronis Hosted Storage - G1 - Acronis Cyber Protect Cloud 4 | E37: G1 | F37: SPSGMSENS | G37: 0.0325 | H37: 0.0289 | I37: 0.0254 | J37: 0.0216 | K37: 0.0177 | L37: 0.0166 | M37: 0.0159 | N37: 0.0154 | O37: ='Solution-based'!C31 -> Solution-based licensing - Backup Geo-redundant - Acronis Hosted Storage
D38: Solution-based Licensing - Geo-redundant - WL - Microsoft 365 seat (unlimited Acronis Hosted Cloud storage1) - G1 - Acronis Cyber Protect Cloud 4 | E38: G1 | F38: SRSGMSENS | G38: 1.73 | H38: 1.64 | I38: 1.53 | J38: 1.38 | K38: 1.27 | L38: 1.22 | M38: 1.17 | N38: 1.15 | O38: ='Solution-based'!C32 -> Solution-based licensing - # Geo-redundant Microsoft 365 seat (unlimited Acronis Hosted Cloud Storage included*)
D39: Solution-based Licensing - Geo-redundant - WL - Google Workspace seat (unlimited Acronis Hosted Cloud storage1) - G1 - Acronis Cyber Protect Cloud 4 | E39: G1 | F39: SQSGMSENS | G39: 1.73 | H39: 1.64 | I39: 1.53 | J39: 1.38 | K39: 1.27 | L39: 1.22 | M39: 1.17 | N39: 1.15 | O39: ='Solution-based'!C33 -> Solution-based licensing - # Geo-redundant Google Workspace seat (unlimited Acronis Hosted Cloud Storage included*)
B40: Disaster Recovery Infrastructure | D40: Solution-based Licensing - Disaster Recovery - Acronis Hosted - 1 compute point (per running hour) - Acronis Cyber Protect Cloud | E40: All | F40: SQSAMSENS | G40: 0.06 | H40: 0.0558 | I40: 0.0513 | J40: 0.0462 | K40: 0.0425 | L40: 0.0408 | M40: 0.0388 | N40: 0.038 | O40: ='Solution-based'!C34 -> Monthly Compute Point Consumption for BDR/Ultimate
D41: Solution-based Licensing - Disaster Recovery - Acronis Hosted Public IP address - Acronis Cyber Protect Cloud | E41: All | F41: SQSBMSENS | G41: 3 | H41: 2.79 | I41: 2.57 | J41: 2.31 | K41: 2.13 | L41: 2.04 | M41: 1.94 | N41: 1.9 | O41: ='Solution-based'!C35 -> Public IPs for BDR/Ultimate
A42: Service- based Licensing | B42: Endpoint Security | D42: Endpoint Detection and Response (EDR) - WL - Acronis Cyber Protect Cloud | E42: All | F42: SRIAMSENS | G42: 1.2 | H42: 1.12 | I42: 1 | J42: 0.89 | K42: 0.76 | L42: 0.73 | M42: 0.69 | N42: 0.68 | O42: ='Service-based'!C6 -> # Endpoint Detection and Response (EDR) Workloads (Servers, VMs, Workstations, Hosting Servers)
D43: Extended Detection and Response (XDR) - WL - Acronis Cyber Protect Cloud | E43: All | F43: SRXAMSENS | G43: 1.8 | H43: 1.67 | I43: 1.49 | J43: 1.33 | K43: 1.13 | L43: 1.08 | M43: 1.03 | N43: 1.01 | O43: ='Service-based'!C7 -> # Extended Detection and Response (XDR) Workloads (Servers, VMs, Workstations, Hosting Servers)
D44: Managed Detection and Response (MDR) by Acronis TRU - Partner-level - Standard - WL - Acronis Cyber Protect Cloud | E44: All | F44: SRI8MSENS | G44: 1.9 | H44: 1.8 | I44: 1.7 | J44: 1.65 | K44: 1.6 | L44: 1.55 | M44: 1.5 | N44: 1.45 | O44: ='Service-based'!C8 -> # In-house MDR Workloads - Standard - Partner-level (Servers, VMs, Workstations, Hosting Servers)
D45: Managed Detection and Response (MDR) by Acronis TRU - Partner-level - Advanced - WL - Acronis Cyber Protect Cloud | E45: All | F45: SRI9MSENS | G45: 3.2 | H45: 3 | I45: 2.9 | J45: 2.8 | K45: 2.7 | L45: 2.6 | M45: 2.5 | N45: 2.4 | O45: ='Service-based'!C9 -> # In-house MDR Workloads - Advanced - Partner-level (Servers, VMs, Workstations, Hosting Servers)
D46: Managed Detection and Response (MDR) by Acronis TRU - Customer-level - Standard - WL - Acronis Cyber Protect Cloud | E46: All | F46: SRIVMSENS | G46: 2.4 | H46: 2.3 | I46: 2.2 | J46: 2.15 | K46: 2.1 | L46: 2.05 | M46: 2 | N46: 1.95 | O46: ='Service-based'!C10 -> # In-house MDR Workloads - Standard - Customer-level (Servers, VMs, Workstations, Hosting Servers)
D47: Managed Detection and Response (MDR) by Acronis TRU - Customer-level - Advanced - WL - Acronis Cyber Protect Cloud | E47: All | F47: SRIWMSENS | G47: 3.7 | H47: 3.5 | I47: 3.4 | J47: 3.3 | K47: 3.2 | L47: 3.1 | M47: 3 | N47: 2.9 | O47: ='Service-based'!C11 -> # In-house MDR Workloads - Advanced - Customer-level (Servers, VMs, Workstations, Hosting Servers)
D48: Managed Detection and Response (MDR) - 3rd party - Standard - WL - Acronis Cyber Protect Cloud | E48: All | F48: SRI6MSENS | G48: 3.2 | H48: 3.1 | I48: 3 | J48: 2.9 | K48: 2.8 | L48: 2.78 | M48: 2.75 | N48: 2.69 | O48: ='Service-based'!C12 -> # 3rd Party MDR Workloads - Standard (Servers, VMs, Workstations, Hosting Servers)
D49: Managed Detection and Response (MDR) - 3rd party - Advanced - WL - Acronis Cyber Protect Cloud | E49: All | F49: SRI7MSENS | G49: 6.4 | H49: 6.2 | I49: 6 | J49: 5.8 | K49: 5.6 | L49: 5.55 | M49: 5.5 | N49: 5.37 | O49: ='Service-based'!C13 -> # 3rd Party MDR Workloads - Advanced (Servers, VMs, Workstations, Hosting Servers)
D50: GenAI Protection - WL - Acronis Cyber Protect Cloud | E50: All | F50: SRIUMSENS | G50: 1 | H50: 0.94 | I50: 0.89 | J50: 0.84 | K50: 0.76 | L50: 0.73 | M50: 0.69 | N50: 0.68 | O50: ='Service-based'!C14 -> # Gen AI Protection Workloads
D51: Data Loss Prevention (DLP) - Endpoint - Acronis Cyber Protect Cloud | E51: All | F51: SRI5MSENS | G51: 2.5 | H51: 2.33 | I51: 2.14 | J51: 1.93 | K51: 1.78 | L51: 1.71 | M51: 1.62 | N51: 1.59 | O51: ='Service-based'!C15 -> # Data Loss Prevention Workloads (Servers, VMs, Workstations, Hosting Servers)
B52: M365 and SaaS Security | D52: Email Security - User - Acronis Cyber Protect Cloud | E52: All | F52: SO4AMSENS | G52: 2.4 | H52: 2.33 | I52: 2.26 | J52: 2.15 | K52: 2.04 | L52: 1.96 | M52: 1.88 | N52: 1.84 | O52: ='Service-based'!C16 -> # Email Security Users
D53: Collaboration Security for Microsoft 365 - User - Acronis Cyber Protect Cloud | E53: All | F53: SO6AMSENS | G53: 1.3 | H53: 1.26 | I53: 1.22 | J53: 1.16 | K53: 1.1 | L53: 1.06 | M53: 1.02 | N53: 1 | O53: ='Service-based'!C17 -> # Collaboration Security Users
D54: Security Posture Management - Microsoft 365 seat - Acronis Cyber Protect Cloud | E54: All | F54: SRMAMSENS | G54: 1.2 | H54: 1.16 | I54: 1.13 | J54: 1.07 | K54: 1.02 | L54: 0.98 | M54: 0.94 | N54: 0.92 | O54: ='Service-based'!C18 -> # SaaS Security Posture Management Workloads (Microsoft 365 Seats)
B55: Security Awareness Training | D55: Security Awareness Training - User - Acronis Cyber Protect Cloud | E55: All | F55: SBATFNLOS | G55: 1.4 | H55: 1.33 | I55: 1.24 | J55: 1.12 | K55: 1.03 | L55: 0.99 | M55: 0.95 | N55: 0.93 | O55: ='Service-based'!C19 -> # Security Awareness Training (Users)
B56: Remote Monitoring and Management | D56: Remote Monitoring and Management (RMM) - Endpoint - Acronis Cyber Protect Cloud | E56: All | F56: SRHAMSENS | G56: 1.9 | H56: 1.77 | I56: 1.56 | J56: 1.36 | K56: 1.13 | L56: 1.08 | M56: 1.03 | N56: 1.01 | O56: ='Service-based'!C20 -> # Remote Monitoring and Management (RMM) Workloads (Servers, VMs, Workstations, Hosting Servers)
B57: Professional Services Automation | D57: Professional Services Automation (PSA) - User - Acronis Cyber Protect Cloud | E57: All | F57: SQACMSENS | G57: 50 | H57: 48 | I57: 46 | J57: 44 | K57: 42 | L57: 41 | M57: 40 | N57: 39 | O57: ='Service-based'!C21 -> # Professional Services Automation (PSA) users (3 minimum)
B58: Backup | C58: Per Workload | D58: Backup - WL - Server - Acronis Cyber Protect Cloud | E58: All | F58: SPEAMSENS | G58: 25 | H58: 22.75 | I58: 19.79 | J58: 17.61 | K58: 15.85 | L58: 15.22 | M58: 14.61 | N58: 14.03 | O58: ='Service-based'!C22 -> # Physical Servers
D59: Backup - WL - NAS - Acronis Cyber Protect Cloud | E59: All | F59: SPD5MSENS | G59: 17 | H59: 15.47 | I59: 13.46 | J59: 11.98 | K59: 10.78 | L59: 10.35 | M59: 9.94 | N59: 9.54 | O59: ='Service-based'!C23 -> # Network Attached Storage
D60: Backup - WL - VM - Acronis Cyber Protect Cloud | E60: All | F60: SPFAMSENS | G60: 8.8 | H60: 8.01 | I60: 6.97 | J60: 6.2 | K60: 5.58 | L60: 5.36 | M60: 5.15 | N60: 4.94 | O60: ='Service-based'!C24 -> # Virtual Machines
D61: Backup - WL - Workstation - Acronis Cyber Protect Cloud | E61: All | F61: SPGAMSENS | G61: 4.1 | H61: 3.73 | I61: 3.25 | J61: 2.89 | K61: 2.6 | L61: 2.5 | M61: 2.4 | N61: 2.3 | O61: ='Service-based'!C25 -> # Workstations
D62: Backup - WL - Hosting Server - Acronis Cyber Protect Cloud | E62: All | F62: SQ7AMSENS | G62: 4.5 | H62: 4.1 | I62: 3.57 | J62: 3.18 | K62: 2.86 | L62: 2.75 | M62: 2.64 | N62: 2.53 | O62: ='Service-based'!C26 -> # Hosting Servers
D63: Backup - WL - Microsoft 365 seat (with unlimited Acronis Hosted Cloud storage1) - G1 - Acronis Cyber Protect Cloud | E63: G1 | F63: SRJAMSENS | G63: 2.4 | H63: 2.28 | I63: 2.12 | J63: 1.91 | K63: 1.76 | L63: 1.69 | M63: 1.62 | N63: 1.59 | O63: ='Service-based'!C27 -> # Microsoft 365 Seats (unlimited Acronis Hosted Cloud Storage included*)
D64: Backup - WL - Microsoft 365 seat (with unlimited Acronis Hosted Cloud storage1) - G2 - Acronis Cyber Protect Cloud | E64: G2 | F64: SRJ2MSENS | G64: 3.22 | H64: 3.06 | I64: 2.85 | J64: 2.57 | K64: 2.36 | L64: 2.27 | M64: 2.18 | N64: 2.14 | O64: ='Service-based'!C27 -> # Microsoft 365 Seats (unlimited Acronis Hosted Cloud Storage included*)
D65: Backup - WL - Microsoft 365 seat (for SP/Customer/Azure/Google Hosted storage) - Acronis Cyber Protect Cloud | E65: All | F65: SRAAMSENS | G65: 1.45 | H65: 1.35 | I65: 1.24 | J65: 1.05 | K65: 0.86 | L65: 0.79 | M65: 0.751 | N65: 0.736 | O65: ='Service-based'!C28 -> # Microsoft 365 Seats (for SP/Customer/Azure/Google Hosted Storage)
D66: Backup - WL - Microsoft Entra ID seat (with unlimited Acronis Hosted Cloud storage1) - Acronis Cyber Protect Cloud2 | E66: All | F66: SRJEMSENS | G66: 0.6 | H66: 0.57 | I66: 0.53 | J66: 0.49 | K66: 0.45 | L66: 0.43 | M66: 0.41 | N66: 0.4 | O66: ='Service-based'!C29 -> # Entra ID Seats (unlimited Acronis Hosted Cloud Storage included*)
D67: Backup - WL - Microsoft Entra ID seat (for SP/Azure/Google Hosted storage) - Acronis Cyber Protect Cloud2 | E67: All | F67: SRAEMSENS | G67: 0.36 | H67: 0.34 | I67: 0.31 | J67: 0.27 | K67: 0.23 | L67: 0.21 | M67: 0.2 | N67: 0.19 | O67: ='Service-based'!C30 -> # Entra ID Seats (for SP/Azure/Google Hosted Storage)
D68: Backup - WL - Google Workspace seat (with unlimited Acronis Hosted Cloud storage1) - G1 - Acronis Cyber Protect Cloud | E68: G1 | F68: SQ8AMSENS | G68: 2.4 | H68: 2.28 | I68: 2.12 | J68: 1.91 | K68: 1.76 | L68: 1.69 | M68: 1.62 | N68: 1.59 | O68: ='Service-based'!C31 -> # Google Workspace Seats (unlimited Acronis Hosted Cloud Storage included*)
D69: Backup - WL - Google Workspace seat (with unlimited Acronis Hosted Cloud storage1) - G2 - Acronis Cyber Protect Cloud | E69: G2 | F69: SQ82MSENS | G69: 3.22 | H69: 3.06 | I69: 2.85 | J69: 2.57 | K69: 2.36 | L69: 2.27 | M69: 2.18 | N69: 2.14 | O69: ='Service-based'!C31 -> # Google Workspace Seats (unlimited Acronis Hosted Cloud Storage included*)
D70: Backup - WL - Google Workspace seat (for SP/Azure/Google Hosted storage) - Acronis Cyber Protect Cloud | E70: All | F70: SQBPMSENS | G70: 1.45 | H70: 1.35 | I70: 1.24 | J70: 1.05 | K70: 0.86 | L70: 0.79 | M70: 0.751 | N70: 0.736 | O70: ='Service-based'!C32 -> # Google Workspace Seats (for SP/Azure/Google Hosted Storage)
D71: Backup - WL - Mobile - Acronis Cyber Protect Cloud | E71: All | F71: SRBAMSENS | G71: 1 | H71: 0.92 | I71: 0.83 | J71: 0.68 | K71: 0.56 | L71: 0.54 | M71: 0.52 | N71: 0.5 | O71: ='Service-based'!C33 -> # Mobile Devices
D72: Backup - WL - Acronis Hosted Storage for per Workload model (per GB) - G1 - Acronis Cyber Protect Cloud | E72: G1 | F72: SPDAMSENS | G72: 0.0435 | H72: 0.0387 | I72: 0.0341 | J72: 0.0286 | K72: 0.0232 | L72: 0.0218 | M72: 0.0209 | N72: 0.0203 | O72: ='Service-based'!C34 -> Acronis Cloud Storage at Acronis Datacenter (for Per Workload model)
D73: Backup - WL - Acronis Hosted Storage for per Workload model (per GB) - G2 - Acronis Cyber Protect Cloud | E73: G2 | F73: SPD2MSENS | G73: 0.0546 | H73: 0.0486 | I73: 0.0428 | J73: 0.036 | K73: 0.0292 | L73: 0.0274 | M73: 0.0263 | N73: 0.0258 | O73: ='Service-based'!C34 -> Acronis Cloud Storage at Acronis Datacenter (for Per Workload model)
D74: Backup - WL - Google Hosted Storage for per Workload model (per GB) - Acronis Cyber Protect Cloud | E74: All | F74: SPXAMSENS | G74: 0.05 | H74: 0.0475 | I74: 0.0442 | J74: 0.0398 | K74: 0.0366 | L74: 0.0351 | M74: 0.0337 | N74: 0.033 | O74: ='Service-based'!C35 -> Acronis Cloud Storage at Azure/Google datacenters (for Per Workload model)
D75: Backup - WL - Azure Hosted Storage for per Workload model (per GB) - Acronis Cyber Protect Cloud | E75: All | F75: SQ1AMSENS | G75: 0.05 | H75: 0.0475 | I75: 0.0442 | J75: 0.0398 | K75: 0.0366 | L75: 0.0351 | M75: 0.0337 | N75: 0.033
C76: Per GB | D76: Backup - GB - Acronis Hosted Storage (per GB) - G1 - Acronis Cyber Protect Cloud | E76: G1 | F76: SPBAMSENS | G76: 0.13 | H76: 0.1157 | I76: 0.1018 | J76: 0.0896 | K76: 0.0833 | L76: 0.08 | M76: 0.0768 | N76: 0.0745 | O76: ='Service-based'!C36 -> Acronis Cloud Storage at Acronis Datacenter (for Per GB model)
D77: Backup - GB - Acronis Hosted Storage (per GB) - G2 - Acronis Cyber Protect Cloud | E77: G2 | F77: SPB2MSENS | G77: 0.14 | H77: 0.1246 | I77: 0.1096 | J77: 0.0964 | K77: 0.0868 | L77: 0.0833 | M77: 0.08 | N77: 0.0776 | O77: ='Service-based'!C36 -> Acronis Cloud Storage at Acronis Datacenter (for Per GB model)
D78: Backup - GB - Google Hosted Storage (per GB) - Acronis Cyber Protect Cloud | E78: All | F78: SP3AMSENS | G78: 0.135 | H78: 0.1283 | I78: 0.1193 | J78: 0.1074 | K78: 0.0988 | L78: 0.0948 | M78: 0.091 | N78: 0.0892 | O78: ='Service-based'!C37 -> Acronis Cloud Storage at Azure/Google datacenters (for Per GB model)
D79: Backup - GB - Azure Hosted Storage (per GB) - Acronis Cyber Protect Cloud | E79: All | F79: SQ2AMSENS | G79: 0.135 | H79: 0.1283 | I79: 0.1193 | J79: 0.1074 | K79: 0.0988 | L79: 0.0948 | M79: 0.091 | N79: 0.0892
D80: Backup - GB - Partner Storage (per GB) - Acronis Cyber Protect Cloud | E80: All | F80: SPBBMSENS | G80: 0.077 | H80: 0.0685 | I80: 0.0603 | J80: 0.0531 | K80: 0.0478 | L80: 0.0459 | M80: 0.0441 | N80: 0.0428 | O80: ='Service-based'!C38 -> Cloud - Service Provider Hosted Storage
D81: Backup - GB - Customer Storage (per GB) - Acronis Cyber Protect Cloud | E81: All | F81: SP4BMSENS | G81: 0.065 | H81: 0.0579 | I81: 0.051 | J81: 0.0449 | K81: 0.0404 | L81: 0.0388 | M81: 0.0372 | N81: 0.0361 | O81: ='Service-based'!C39 -> Customer Storage
C82: Microsoft 365 Backup Powered by Microsoft | D82: Backup - GB – Microsoft 365 Backup Storage (per GB) – Microsoft 365 Backup (powered by Microsoft) | E82: All | F82: SPZBMSENS | G82: 0.124 | H82: 0.1178 | I82: 0.1096 | J82: 0.0986 | K82: 0.0907 | L82: 0.0871 | M82: 0.0836 | N82: 0.0819 | O82: ='Service-based'!C40 -> Microsoft 365 Backup Storage powered by Microsoft (per GB, for both per GB and per workload models)
C83: Geo-replication | D83: Backup - Geo-redundant - GB/WL - Acronis Hosted Storage - G1 - Acronis Cyber Protect Cloud 4 | E83: G1 | F83: SP5AMSENS | G83: 0.0325 | H83: 0.0289 | I83: 0.0254 | J83: 0.0216 | K83: 0.0177 | L83: 0.0166 | M83: 0.0159 | N83: 0.0154 | O83: ='Service-based'!C41 -> Per GB/Workload model - Backup Geo-redundant - Acronis Hosted Storage
D84: Backup - Geo-redundant - WL - Microsoft 365 seat (with unlimited Acronis Hosted Cloud storage1) - G1 - Acronis Cyber Protect Cloud 4 | E84: G1 | F84: SRJGMSENS | G84: 1.73 | H84: 1.64 | I84: 1.53 | J84: 1.38 | K84: 1.27 | L84: 1.22 | M84: 1.17 | N84: 1.15 | O84: ='Service-based'!C42 -> Per Workload model - # Geo-redundant Microsoft 365 seat (unlimited Acronis Hosted Cloud Storage included*)
D85: Backup - Geo-redundant - WL - Google Workspace seat (with unlimited Acronis Hosted Cloud storage1) - G1 - Acronis Cyber Protect Cloud 4 | E85: G1 | F85: SQBGMSENS | G85: 1.73 | H85: 1.64 | I85: 1.53 | J85: 1.38 | K85: 1.27 | L85: 1.22 | M85: 1.17 | N85: 1.15 | O85: ='Service-based'!C43 -> Per Workload model - # Geo-redundant Google Workspace seat (unlimited Acronis Hosted Cloud Storage included*)
C86: Direct Backup to Public Cloud | D86: Direct Backup to Public Cloud - WL - Server - Acronis Cyber Protect Cloud | E86: All | F86: SRDUMSENS | G86: 12 | H86: 10.68 | I86: 9.18 | J86: 7.89 | K86: 7.1 | L86: 6.82 | M86: 6.55 | N86: 6.35 | O86: ='Service-based'!C44 -> # Direct Backup to Public Cloud, Physical Servers
D87: Direct Backup to Public Cloud - WL - VM - Acronis Cyber Protect Cloud | E87: All | F87: SREUMSENS | G87: 4.8 | H87: 4.27 | I87: 3.67 | J87: 3.16 | K87: 2.84 | L87: 2.73 | M87: 2.62 | N87: 2.54 | O87: ='Service-based'!C45 -> # Direct Backup to Public Cloud, Virtual Machines
D88: Direct Backup to Public Cloud - WL - Workstation - Acronis Cyber Protect Cloud | E88: All | F88: SRFUMSENS | G88: 1.2 | H88: 1.07 | I88: 0.92 | J88: 0.75 | K88: 0.62 | L88: 0.56 | M88: 0.54 | N88: 0.52 | O88: ='Service-based'!C46 -> # Direct Backup to Public Cloud, Workstations
D89: Direct Backup to Public Cloud - WL - Hosting Server - Acronis Cyber Protect Cloud | E89: All | F89: SRGUMSENS | G89: 1.2 | H89: 1.07 | I89: 0.92 | J89: 0.75 | K89: 0.62 | L89: 0.56 | M89: 0.54 | N89: 0.52 | O89: ='Service-based'!C47 -> # Direct Backup to Public Cloud, Hosting Servers
B90: Disaster Recovery | D90: Disaster Recovery - GB - Acronis Hosted Storage (per GB) - G1 - Acronis Cyber Protect Cloud | E90: G1 | F90: SVEAMSENS | G90: 0.07 | H90: 0.0623 | I90: 0.0548 | J90: 0.0482 | K90: 0.0424 | L90: 0.0399 | M90: 0.0383 | N90: 0.0372 | O90: ='Service-based'!C48 -> Disaster Recovery Cloud Storage - Acronis Hosted
D91: Disaster Recovery - GB - Acronis Hosted Storage (per GB) - G2 - Acronis Cyber Protect Cloud | E91: G2 | F91: SVE2MSENS | G91: 0.087 | H91: 0.0774 | I91: 0.0681 | J91: 0.0599 | K91: 0.0527 | L91: 0.0495 | M91: 0.0475 | N91: 0.0461 | O91: ='Service-based'!C48 -> Disaster Recovery Cloud Storage - Acronis Hosted
D92: Disaster Recovery - GB - Partner Storage (per GB) - Acronis Cyber Protect Cloud | E92: All | F92: SVFAMSENS | G92: 0.04 | H92: 0.0356 | I92: 0.0313 | J92: 0.0275 | K92: 0.0242 | L92: 0.0227 | M92: 0.0218 | N92: 0.0211 | O92: ='Service-based'!C49 -> Disaster Recovery Cloud Storage - Service Provider Hosted
D93: Disaster Recovery - GB - Acronis Hosted - 1 compute point (per running hour) - Acronis Cyber Protect Cloud | E93: All | F93: SQYAMSENS | G93: 0.06 | H93: 0.0558 | I93: 0.0513 | J93: 0.0462 | K93: 0.0425 | L93: 0.0408 | M93: 0.0388 | N93: 0.038 | O93: ='Service-based'!C50 -> Monthly Compute Point Consumption (tests)
D94: Disaster Recovery - GB - Acronis Hosted Public IP address - Acronis Cyber Protect Cloud | E94: All | F94: SEDAMSENS | G94: 3 | H94: 2.79 | I94: 2.57 | J94: 2.31 | K94: 2.13 | L94: 2.04 | M94: 1.94 | N94: 1.9 | O94: ='Service-based'!C51 -> Public IPs
D95: Disaster Recovery – WL - DR and Direct Backup to Azure - Acronis Cyber Protect Cloud | E95: All | F95: SEHAMSENS | G95: 14 | H95: 13.02 | I95: 11.98 | J95: 10.9 | K95: 10.14 | L95: 9.73 | M95: 9.24 | N95: 9.06 | O95: ='Service-based'!C52 -> # DR and Direct Backup to Azure workloads
B96: Email Archiving | C96: Per Workload | D96: Email Archiving - WL - Microsoft 365 seat (with unlimited Acronis Hosted Cloud storage1) - G1 - Acronis Cyber Protect Cloud | E96: G1 | F96: SHJAMSENS | G96: 1.25 | H96: 1.19 | I96: 1.12 | J96: 1.03 | K96: 0.96 | L96: 0.92 | M96: 0.88 | N96: 0.862 | O96: ='Service-based'!C53 -> # Microsoft 365 Archiving Seats (with unlimited Acronis Hosted Cloud storage*)
D97: Email Archiving - WL - Microsoft 365 seat (with unlimited Acronis Hosted Cloud storage1) - G2 - Acronis Cyber Protect Cloud | E97: G2 | F97: SHJ2MSENS | G97: 1.7 | H97: 1.62 | I97: 1.52 | J97: 1.4 | K97: 1.3 | L97: 1.248 | M97: 1.2 | N97: 1.176 | O97: ='Service-based'!C53 -> # Microsoft 365 Archiving Seats (with unlimited Acronis Hosted Cloud storage*)
D98: Email Archiving - WL - Microsoft 365 seat (for SP/Azure/Google Hosted storage) - Acronis Cyber Protect Cloud | E98: All | F98: SHAAMSENS | G98: 0.83 | H98: 0.79 | I98: 0.74 | J98: 0.68 | K98: 0.63 | L98: 0.605 | M98: 0.58 | N98: 0.568 | O98: ='Service-based'!C54 -> # Microsoft 365 Archiving Seats (for SP/Azure/Google Hosted storage)
D99: Email Archiving - WL - Google Hosted Storage for per Workload model (per GB) - Acronis Cyber Protect Cloud | E99: All | F99: SHXAMSENS | G99: 0.05 | H99: 0.0475 | I99: 0.0442 | J99: 0.0398 | K99: 0.0366 | L99: 0.0351 | M99: 0.0337 | N99: 0.033 | O99: ='Service-based'!C55 -> Acronis Cloud Storage for Email Archiving at Azure/Google datacenters (for Per Workload model)
D100: Email Archiving - WL - Azure Hosted Storage for per Workload model (per GB) - Acronis Cyber Protect Cloud | E100: All | F100: SH1AMSENS | G100: 0.05 | H100: 0.0475 | I100: 0.0442 | J100: 0.0398 | K100: 0.0366 | L100: 0.0351 | M100: 0.0337 | N100: 0.033
...

Sheet Compute points
A1: This section of the calculator helps to estimate the number of compute points required for tests with the default settings.
A3: Fill in the number of servers of each configuration template that will be used during Disaster Recovery. It is recommended to choose a configuration template of higher or equal specifications of the original server. I.e. if a server has 4 CPU and 8 GB of RAM - the closest template with a higher configuration is 4 vCore and 16 GB of RAM
A4: Server Template | B4: Compute Points per hour | C4: Number of servers (Solution-based licensing) | D4: Number of servers (Service-based licensing) | E4: Monthly Compute Points for Disaster Recovery Tests (Solution-based licensing) | F4: Monthly Compute Points for Disaster Recovery Tests (Service-based licensing)
A5: 1 vCore, 2 GB RAM | B5: 1 | E5: =C5*B5*$B$16*$B$17 -> 0 | F5: =D5*B5*$B$16*$B$17 -> 0
A6: 1 vCore, 4 GB RAM | B6: 2 | E6: =C6*B6*$B$16*$B$17 -> 0 | F6: =D6*B6*$B$16*$B$17 -> 0
A7: 2 vCore, 8 GB RAM | B7: 4 | E7: =C7*B7*$B$16*$B$17 -> 0 | F7: =D7*B7*$B$16*$B$17 -> 0
A8: 4 vCore, 16 GB RAM | B8: 8 | E8: =C8*B8*$B$16*$B$17 -> 0 | F8: =D8*B8*$B$16*$B$17 -> 0
A9: 8 vCore, 32 GB RAM | B9: 16 | E9: =C9*B9*$B$16*$B$17 -> 0 | F9: =D9*B9*$B$16*$B$17 -> 0
A10: 16 vCore, 64 GB RAM | B10: 32 | E10: =C10*B10*$B$16*$B$17 -> 0 | F10: =D10*B10*$B$16*$B$17 -> 0
A11: 16 vCore, 128 GB RAM | B11: 64 | E11: =C11*B11*$B$16*$B$17 -> 0 | F11: =D11*B11*$B$16*$B$17 -> 0
A12: 16 vCore, 256 GB RAM | B12: 128 | E12: =C12*B12*$B$16*$B$17 -> 0 | F12: =D12*B12*$B$16*$B$17 -> 0
A13: Totals: | C13: =SUM(C5:C12) -> 0 | D13: =SUM(D5:D12) -> 0 | E13: =SUM(E5:E12) -> 0 | F13: =SUM(F5:F12) -> 0
A15: Default options:
A16: Number of tests per month | B16: 1
A17: Running time per failover test (hours) | B17: 1
A22: Advanced settings: compute points required for actual Disaster Recovery situations
A24: Time to recovert from Disaster - how much downtime is expected during a disaster scenario. How much time it will take replace faulty/destroyed hardware, install it on site and restore data recommended minimum - 7 days.
A26: Time to recover from server failure (days) | B26: 7
A28: Server Template | B28: Compute Points per hour | C28: Number of servers | D28: Projected compute points for 1 day of actual Disaster Recovery | E28: Total projected compute points for actual Disaster Recovery
A29: 1 vCore, 2 GB RAM | B29: 1 | D29: =C29*24*B29 -> 0 | E29: =B29*24*$B$26*C29 -> 0
A30: 1 vCore, 4 GB RAM | B30: 2 | D30: =C30*24*B30 -> 0 | E30: =B30*24*$B$26*C30 -> 0
A31: 2 vCore, 8 GB RAM | B31: 4 | D31: =C31*24*B31 -> 0 | E31: =B31*24*$B$26*C31 -> 0
A32: 4 vCore, 16 GB RAM | B32: 8 | D32: =C32*24*B32 -> 0 | E32: =B32*24*$B$26*C32 -> 0
A33: 8 vCore, 32 GB RAM | B33: 16 | D33: =C33*24*B33 -> 0 | E33: =B33*24*$B$26*C33 -> 0
A34: 16 vCore, 64 GB RAM | B34: 32 | D34: =C34*24*B34 -> 0 | E34: =B34*24*$B$26*C34 -> 0
A35: 16 vCore, 128 GB RAM | B35: 64 | D35: =C35*24*B35 -> 0 | E35: =B35*24*$B$26*C35 -> 0
A36: 16 vCore, 256 GB RAM | B36: 128 | D36: =C36*24*B36 -> 0 | E36: =B36*24*$B$26*C36 -> 0
A37: Totals: | C37: =SUM(C29:C36) -> 0 | D37: =SUM(D29:D36) -> 0 | E37: =SUM(E29:E36) -> 0
A38: Total projected costs: | D38: =D37*IF(C37>=0,IF('Service-based'!$D$3=1,SUMIFS(INDIRECT("'Pricelist "&'Solution-based'!$B$3&"'!$G$42:$G$130"),INDIRECT("'Pricelist "&'Solution-based'!$B$3&"'!$O$42:$O$130"),'Service-based'!C50),IF('Service-based'!$D$3=2,SUMIFS(INDIRECT("'Pricelist "&'Solution-based'!$B$3&"'!$H$42:$H$130"),INDIRECT("'Pricelist "&'Solution-based'!$B$3&"'!$O$42:$O$130"),'Service-based'!C50),IF('Service-based'!$D$3=3,SUMIFS(INDIRECT("'Pricelist "&'Solution-based'!$B$3&"'!$I$42:$I$130"),INDIRECT("'Pricelist "&'Solution-based'!$B$3&"'!$O$42:$O$130"),'Service-based'!C50),IF('Service-based'!$D$3=4,SUMIFS(INDIRECT("'Pricelist "&'Solution-based'!$B$3&"'!$J$42:$J$130"),INDIRECT("'Pricelist "&'Solution-based'!$B$3&"'!$O$42:$O$130"),'Service-based'!C50),IF('Service-based'!$D$3=5,SUMIFS(INDIRECT("'Pricelist "&'Solution-based'!$B$3&"'!$K$42:$K$130"),INDIRECT("'Pricelist "&'Solution-based'!$B$3&"'!$O$42:$O$130"),'Service-based'!C50),IF('Service-based'!$D$3=6,SUMIFS(INDIRECT("'Pricelist "&'Solution-based'!$B$3&"'!$L$42:$L$130"),INDIRECT("'Pricelist "&'Solution-based'!$B$3&"'!$O$42:$O$130"),'Service-based'!C50),IF('Service-based'!$D$3=7,SUMIFS(INDIRECT("'Pricelist "&'Solution-based'!$B$3&"'!$M$42:$M$130"),INDIRECT("'Pricelist "&'Solution-based'!$B$3&"'!$O$42:$O$130"),'Service-based'!C50),IF('Service-based'!$D$3=8,SUMIFS(INDIRECT("'Pricelist "&'Solution-based'!$B$3&"'!$N$42:$N$130"),INDIRECT("'Pricelist "&'Solution-based'!$B$3&"'!$O$42:$O$130"),'Service-based'!C50),"")))))))),"") -> 0 | E38: =E37*IF(D37>=0,IF('Service-based'!$D$3=1,SUMIFS(INDIRECT("'Pricelist "&'Solution-based'!$B$3&"'!$G$42:$G$130"),INDIRECT("'Pricelist "&'Solution-based'!$B$3&"'!$O$42:$O$130"),'Service-based'!C50),IF('Service-based'!$D$3=2,SUMIFS(INDIRECT("'Pricelist "&'Solution-based'!$B$3&"'!$H$42:$H$130"),INDIRECT("'Pricelist "&'Solution-based'!$B$3&"'!$O$42:$O$130"),'Service-based'!C50),IF('Service-based'!$D$3=3,SUMIFS(INDIRECT("'Pricelist "&'Solution-based'!$B$3&"'!$I$42:$I$130"),INDIRECT("'Pricelist "&'Solution-based'!$B$3&"'!$O$42:$O$130"),'Service-based'!C50),IF('Service-based'!$D$3=4,SUMIFS(INDIRECT("'Pricelist "&'Solution-based'!$B$3&"'!$J$42:$J$130"),INDIRECT("'Pricelist "&'Solution-based'!$B$3&"'!$O$42:$O$130"),'Service-based'!C50),IF('Service-based'!$D$3=5,SUMIFS(INDIRECT("'Pricelist "&'Solution-based'!$B$3&"'!$K$42:$K$130"),INDIRECT("'Pricelist "&'Solution-based'!$B$3&"'!$O$42:$O$130"),'Service-based'!C50),IF('Service-based'!$D$3=6,SUMIFS(INDIRECT("'Pricelist "&'Solution-based'!$B$3&"'!$L$42:$L$130"),INDIRECT("'Pricelist "&'Solution-based'!$B$3&"'!$O$42:$O$130"),'Service-based'!C50),IF('Service-based'!$D$3=7,SUMIFS(INDIRECT("'Pricelist "&'Solution-based'!$B$3&"'!$M$42:$M$130"),INDIRECT("'Pricelist "&'Solution-based'!$B$3&"'!$O$42:$O$130"),'Service-based'!C50),IF('Service-based'!$D$3=8,SUMIFS(INDIRECT("'Pricelist "&'Solution-based'!$B$3&"'!$N$42:$N$130"),INDIRECT("'Pricelist "&'Solution-based'!$B$3&"'!$O$42:$O$130"),'Service-based'!C50),"")))))))),"") -> 0

Sheet Cloud DCs
A1: Acronis Datacenters
A2: # | B2: Type | C2: Storage type group | D2: Country | E2: DC | F2: Geo-redundancy available | G2: Cyber Employee available | H2: Cyber Frame Cloud available | I2: G1
A3: 1 | B3: Existing DC | C3: G1 | D3: USA | E3: Phoenix | F3: Yes | G3: Yes | H3: Yes | I3: G2
A4: 2 | B4: Existing DC | C4: G1 | D4: USA | E4: Ashburn | F4: Yes | G4: Yes | H4: Yes
A5: 3 | B5: Existing DC | C5: G1 | D5: Germany | E5: Frankfurt | F5: Yes | H5: Yes
A6: 4 | B6: Existing DC | C6: G1 | D6: Switzerland | E6: Lupfig | H6: Yes
A7: 5 | B7: Existing DC | C7: G1 | D7: UK | E7: London | F7: Yes | G7: Yes | H7: Yes
A8: 6 | B8: Existing DC | C8: G1 | D8: Japan | E8: Nagano | H8: Yes
A9: 7 | B9: Existing DC | C9: G1 | D9: Japan | E9: Kanagawa
A10: 8 | B10: Existing DC | C10: G1 | D10: Germany | E10: Cologne | F10: Yes | H10: Yes
A11: 9 | B11: Existing DC | C11: G1 | D11: France | E11: Strasbourg | H11: Yes
A12: 10 | B12: Existing DC | C12: G1 | D12: USA | E12: St.Louis | G12: Yes
A13: 11 | B13: Existing DC | C13: G1 | D13: Singapore | E13: Singapore | H13: Yes
A14: 12 | B14: Existing DC | C14: G1 | D14: Australia | E14: Sydney | G14: Yes | H14: Yes
A15: 13 | B15: Existing DC | C15: G1 | D15: Canada | E15: Vancouver | F15: Yes | G15: Yes | H15: Yes
A16: 14 | B16: Existing DC | C16: G1 | D16: Canada | E16: Toronto | F16: Yes | G16: Yes | H16: Yes
A17: 15 | B17: Existing DC | C17: G1 | D17: New Zealand | E17: Auckland | H17: Yes
A18: 16 | B18: Existing DC | C18: G1 | D18: Liechtenstein | E18: Balzers
A19: 17 | B19: Existing DC | C19: G1 | D19: Indonesia | E19: Jakarta | H19: Yes
A20: 18 | B20: Existing DC | C20: G1 | D20: India | E20: Mumbai | H20: Yes
A21: 19 | B21: Existing DC | C21: G1 | D21: Spain | E21: Valencia | H21: Yes
A22: 20 | B22: Existing DC | C22: G1 | D22: Israel | E22: Tel Aviv | H22: Yes
A23: 21 | B23: Existing DC | C23: G1 | D23: Portugal | E23: Lisbon | H23: Yes
A24: 22 | B24: Existing DC | C24: G1 | D24: Korea | E24: Seoul | H24: Yes
A25: 23 | B25: Existing DC | C25: G1 | D25: Czech Republic | E25: Prague | H25: Yes
A26: 24 | B26: Existing DC | C26: G1 | D26: Greece | E26: Thessaloniki | H26: Yes
A27: 25 | B27: Existing DC | C27: G1 | D27: Brazil | E27: Sao Paulo | F27: Yes | H27: Yes
A28: 26 | B28: Existing DC | C28: G1 | D28: Poland | E28: Warsaw | H28: Yes
A29: 27 | B29: Existing DC | C29: G1 | D29: Austria | E29: Vienna | H29: Yes
A30: 28 | B30: Existing DC | C30: G1 | D30: Denmark | E30: Billund | H30: Yes
A31: 29 | B31: Existing DC | C31: G1 | D31: Bulgaria | E31: Sofia | H31: Yes
A32: 30 | B32: Existing DC | C32: G1 | D32: Turkey | E32: Istanbul | H32: Yes
A33: 31 | B33: Existing DC | C33: G1 | D33: Norway | E33: Oslo | H33: Yes
A34: 32 | B34: Existing DC | C34: G1 | D34: Finland | E34: Helsinki | H34: Yes
A35: 33 | B35: Existing DC | C35: G1 | D35: Italy | E35: Rome | H35: Yes
A36: 34 | B36: Existing DC | C36: G1 | D36: Sweden | E36: Goteborg | H36: Yes
A37: 35 | B37: Existing DC | C37: G1 | D37: Mexico | E37: Mexico City | H37: Yes
A38: 36 | B38: Existing DC | C38: G1 | D38: Malaysia | E38: Kuala Lumpur | H38: Yes
A39: 37 | B39: Existing DC | C39: G2 | D39: South Africa | E39: Johannesburg | H39: Yes
... A41: 39 | B41: Existing DC | C41: G2 | D41: Taiwan | E41: Taipei | H41: Yes
A43: Google Datacenters
A44: # | B44: Country | C44: DC
A45: 1 | B45: USA | C45: The Dalles (OR)
A46: 2 | B46: Canada | C46: Montreal
A47: 3 | B47: UK | C47: London
A49: Microsoft Azure Datacenters
A50: # | B50: Country | C50: DC
A51: 1 | B51: USA | C51: West Des Moines (IA)
A52: 2 | B52: Netherlands | C52: Amsterdam
A53: 3 | B53: Ireland | C53: Dublin
A54: 4 | B54: India | C54: Chennai

Sheet Instructions
A2: How to use this calculator?
A3: 1. For customers using solution-based licensing, pricing should be calculated on this page.
A4: Solution-based licensing includes pre-packaged solutions that bundle services tailored to different workload types, helping partners build offerings for their end customers. Pre-packaged solutions include:
A5: a. Security + RMM - detection and response combined with remote monitoring and management capabilities
A6: b. Backup + DR - data protection capabilities with backup, disaster recovery and included storage
A7: c. Ultimate Protection - a comprehensive package that includes options (a) and (b), plus a range of additional services
A8: 2. For customers using service-based licensing, pricing should be calculated on this page.
A9: Service-based licensing offers standalone services that can be combined on demand and customized for each workload, maximizing flexibility. Available services include:
A10: a. Endpoint and SaaS backup
A11: b. Disaster Recovery
A12: c. Endpoint and SaaS security
A13: d. RMM
... A18: 5. The total cost is shown in the bottom of both solution-based and service-based pages. You can also see summarized totals with and without minimum commitment applied. Totals are synchronized and automatically updated when any changes are made.

Sheet Calculator -1 tier
A2: ='Solution-based'!D5-1 -> 0 | B2: 1. Choose Minimum commitment: | D2: {=INDEX(INDIRECT("'Pricelist "&'Solution-based'!$B$3&"'!$G$2:$N$2"),1,A2)} -> #VALUE!
B3: 2. Choose Datacenter Group: | D3: ='Solution-based'!E6 -> G1
B4: 3. Input data for endpoints to be licensed in per Workload model | D4: Quantity | E4: Price per unit (monthly) | F4: Cost
A5: Solution-based licensing | B5: Security+RMM | C5: ='Solution-based'!C8 -> # Endpoint Security (Servers, VMs, Workstations) | D5: =_xlfn.XLOOKUP(C5,'Solution-based'!$C$8:$C$49,'Solution-based'!$E$8:$E$49) -> 0 | E5: =IFERROR(IF(D5>0,SUMIFS(INDIRECT("'Pricelist "&'Solution-based'!$B$3&"'!$"&CHAR(70+$A$2)&"$3:$"&CHAR(70+$A$2)&"$130"),INDIRECT("'Pricelist "&'Solution-based'!$B$3&"'!$O$3:$O$130"),'Calculator +1 tier'!$C5),""),"Pricelist not found") | F5: =IFERROR(D5*E5,"")
C6: ='Solution-based'!C9 -> # Microsoft 365 Security | D6: =_xlfn.XLOOKUP(C6,'Solution-based'!$C$8:$C$49,'Solution-based'!$E$8:$E$49) -> 0 | E6: =IFERROR(IF(D6>0,SUMIFS(INDIRECT("'Pricelist "&'Solution-based'!$B$3&"'!$"&CHAR(70+$A$2)&"$3:$"&CHAR(70+$A$2)&"$130"),INDIRECT("'Pricelist "&'Solution-based'!$B$3&"'!$O$3:$O$130"),'Calculator +1 tier'!$C6),""),"Pricelist not found") | F6: =IFERROR(D6*E6,"")
C7: ='Solution-based'!C10 -> # Google Workspace Security | D7: =_xlfn.XLOOKUP(C7,'Solution-based'!$C$8:$C$49,'Solution-based'!$E$8:$E$49) -> 0 | E7: =IFERROR(IF(D7>0,SUMIFS(INDIRECT("'Pricelist "&'Solution-based'!$B$3&"'!$"&CHAR(70+$A$2)&"$3:$"&CHAR(70+$A$2)&"$130"),INDIRECT("'Pricelist "&'Solution-based'!$B$3&"'!$O$3:$O$130"),'Calculator +1 tier'!$C7),""),"Pricelist not found") | F7: =IFERROR(D7*E7,"")
B8: BDR | C8: ='Solution-based'!C11 -> # BDR Server (3 TB of Acronis Hosted Storage included) | D8: =_xlfn.XLOOKUP(C8,'Solution-based'!$C$8:$C$49,'Solution-based'!$E$8:$E$49) -> 0 | E8: =IFERROR(IF(D8>0,SUMIFS(INDIRECT("'Pricelist "&'Solution-based'!$B$3&"'!$"&CHAR(70+$A$2)&"$3:$"&CHAR(70+$A$2)&"$130"),INDIRECT("'Pricelist "&'Solution-based'!$B$3&"'!$O$3:$O$130"),'Calculator +1 tier'!$C8,INDIRECT("'Pricelist "&'Solution-based'!$B$3&"'!$E$3:$E$130"),$D$3),""),"Pricelist not found") | F8: =IFERROR(D8*E8,"")
C9: ='Solution-based'!C12 -> # BDR Virtual Machine (2 TB of Acronis Hosted Storage included) | D9: =_xlfn.XLOOKUP(C9,'Solution-based'!$C$8:$C$49,'Solution-based'!$E$8:$E$49) -> 0 | E9: =IFERROR(IF(D9>0,SUMIFS(INDIRECT("'Pricelist "&'Solution-based'!$B$3&"'!$"&CHAR(70+$A$2)&"$3:$"&CHAR(70+$A$2)&"$130"),INDIRECT("'Pricelist "&'Solution-based'!$B$3&"'!$O$3:$O$130"),'Calculator +1 tier'!$C9,INDIRECT("'Pricelist "&'Solution-based'!$B$3&"'!$E$3:$E$130"),$D$3),""),"Pricelist not found") | F9: =IFERROR(D9*E9,"")
C10: ='Solution-based'!C13 -> # BDR Workstation (300 GB of Acronis Hosted Storage included) | D10: =_xlfn.XLOOKUP(C10,'Solution-based'!$C$8:$C$49,'Solution-based'!$E$8:$E$49) -> 0 | E10: =IFERROR(IF(D10>0,SUMIFS(INDIRECT("'Pricelist "&'Solution-based'!$B$3&"'!$"&CHAR(70+$A$2)&"$3:$"&CHAR(70+$A$2)&"$130"),INDIRECT("'Pricelist "&'Solution-based'!$B$3&"'!$O$3:$O$130"),'Calculator +1 tier'!$C10,INDIRECT("'Pricelist "&'Solution-based'!$B$3&"'!$E$3:$E$130"),$D$3),""),"Pricelist not found") | F10: =IFERROR(D10*E10,"")
C11: ='Solution-based'!C14 -> # Microsoft 365 Backup + Archiving (unlimited Acronis Hosted Cloud Storage included*) | D11: =_xlfn.XLOOKUP(C11,'Solution-based'!$C$8:$C$49,'Solution-based'!$E$8:$E$49) -> 0 | E11: =IFERROR(IF(D11>0,SUMIFS(INDIRECT("'Pricelist "&'Solution-based'!$B$3&"'!$"&CHAR(70+$A$2)&"$3:$"&CHAR(70+$A$2)&"$130"),INDIRECT("'Pricelist "&'Solution-based'!$B$3&"'!$O$3:$O$130"),'Calculator +1 tier'!$C11,INDIRECT("'Pricelist "&'Solution-based'!$B$3&"'!$E$3:$E$130"),$D$3),""),"Pricelist not found") | F11: =IFERROR(D11*E11,"")
C12: ='Solution-based'!C15 -> # Google Workspace Backup (unlimited Acronis Hosted Cloud Storage included*) | D12: =_xlfn.XLOOKUP(C12,'Solution-based'!$C$8:$C$49,'Solution-based'!$E$8:$E$49) -> 0 | E12: =IFERROR(IF(D12>0,SUMIFS(INDIRECT("'Pricelist "&'Solution-based'!$B$3&"'!$"&CHAR(70+$A$2)&"$3:$"&CHAR(70+$A$2)&"$130"),INDIRECT("'Pricelist "&'Solution-based'!$B$3&"'!$O$3:$O$130"),'Calculator +1 tier'!$C12,INDIRECT("'Pricelist "&'Solution-based'!$B$3&"'!$E$3:$E$130"),$D$3),""),"Pricelist not found") | F12: =IFERROR(D12*E12,"")
C13: ='Solution-based'!C16 -> # Mobile Backup (50 GB od Acronis Hosted Storage included) | D13: =_xlfn.XLOOKUP(C13,'Solution-based'!$C$8:$C$49,'Solution-based'!$E$8:$E$49) -> 0 | E13: =IFERROR(IF(D13>0,SUMIFS(INDIRECT("'Pricelist "&'Solution-based'!$B$3&"'!$"&CHAR(70+$A$2)&"$3:$"&CHAR(70+$A$2)&"$130"),INDIRECT("'Pricelist "&'Solution-based'!$B$3&"'!$O$3:$O$130"),'Calculator +1 tier'!$C13,INDIRECT("'Pricelist "&'Solution-based'!$B$3&"'!$E$3:$E$130"),$D$3),""),"Pricelist not found") | F13: =IFERROR(D13*E13,"")
B14: Ultimate | C14: ='Solution-based'!C17 -> # Ultimate Server (3 TB of Acronis Hosted Storage included) | D14: =_xlfn.XLOOKUP(C14,'Solution-based'!$C$8:$C$49,'Solution-based'!$E$8:$E$49) -> 0 | E14: =IFERROR(IF(D14>0,SUMIFS(INDIRECT("'Pricelist "&'Solution-based'!$B$3&"'!$"&CHAR(70+$A$2)&"$3:$"&CHAR(70+$A$2)&"$130"),INDIRECT("'Pricelist "&'Solution-based'!$B$3&"'!$O$3:$O$130"),'Calculator +1 tier'!$C14,INDIRECT("'Pricelist "&'Solution-based'!$B$3&"'!$E$3:$E$130"),$D$3),""),"Pricelist not found") | F14: =IFERROR(D14*E14,"")
C15: ='Solution-based'!C18 -> # Ultimate Virtual Machine (2 TB of Acronis Hosted Storage included) | D15: =_xlfn.XLOOKUP(C15,'Solution-based'!$C$8:$C$49,'Solution-based'!$E$8:$E$49) -> 0 | E15: =IFERROR(IF(D15>0,SUMIFS(INDIRECT("'Pricelist "&'Solution-based'!$B$3&"'!$"&CHAR(70+$A$2)&"$3:$"&CHAR(70+$A$2)&"$130"),INDIRECT("'Pricelist "&'Solution-based'!$B$3&"'!$O$3:$O$130"),'Calculator +1 tier'!$C15,INDIRECT("'Pricelist "&'Solution-based'!$B$3&"'!$E$3:$E$130"),$D$3),""),"Pricelist not found") | F15: =IFERROR(D15*E15,"")
C16: ='Solution-based'!C19 -> # Ultimate Workstation (300 GB of Acronis Hosted Storage included) | D16: =_xlfn.XLOOKUP(C16,'Solution-based'!$C$8:$C$49,'Solution-based'!$E$8:$E$49) -> 0 | E16: =IFERROR(IF(D16>0,SUMIFS(INDIRECT("'Pricelist "&'Solution-based'!$B$3&"'!$"&CHAR(70+$A$2)&"$3:$"&CHAR(70+$A$2)&"$130"),INDIRECT("'Pricelist "&'Solution-based'!$B$3&"'!$O$3:$O$130"),'Calculator +1 tier'!$C16,INDIRECT("'Pricelist "&'Solution-based'!$B$3&"'!$E$3:$E$130"),$D$3),""),"Pricelist not found") | F16: =IFERROR(D16*E16,"")
C17: ='Solution-based'!C20 -> # Ultimate Microsoft 365 (unlimited Acronis Hosted Cloud Storage included*) | D17: =_xlfn.XLOOKUP(C17,'Solution-based'!$C$8:$C$49,'Solution-based'!$E$8:$E$49) -> 0 | E17: =IFERROR(IF(D17>0,SUMIFS(INDIRECT("'Pricelist "&'Solution-based'!$B$3&"'!$"&CHAR(70+$A$2)&"$3:$"&CHAR(70+$A$2)&"$130"),INDIRECT("'Pricelist "&'Solution-based'!$B$3&"'!$O$3:$O$130"),'Calculator +1 tier'!$C17,INDIRECT("'Pricelist "&'Solution-based'!$B$3&"'!$E$3:$E$130"),$D$3),""),"Pricelist not found") | F17: =IFERROR(D17*E17,"")
C18: ='Solution-based'!C21 -> # Ultimate Google Workspace (unlimited Acronis Hosted Cloud Storage included*) | D18: =_xlfn.XLOOKUP(C18,'Solution-based'!$C$8:$C$49,'Solution-based'!$E$8:$E$49) -> 0 | E18: =IFERROR(IF(D18>0,SUMIFS(INDIRECT("'Pricelist "&'Solution-based'!$B$3&"'!$"&CHAR(70+$A$2)&"$3:$"&CHAR(70+$A$2)&"$130"),INDIRECT("'Pricelist "&'Solution-based'!$B$3&"'!$O$3:$O$130"),'Calculator +1 tier'!$C18,INDIRECT("'Pricelist "&'Solution-based'!$B$3&"'!$E$3:$E$130"),$D$3),""),"Pricelist not found") | F18: =IFERROR(D18*E18,"")
B19: Managed Detection and Response | C19: ='Solution-based'!C23 -> # Standard In-house MDR Workloads for Solution-Base Licensing, Partner-level (Servers, VMs, Workstations, Hosting Servers) | D19: =_xlfn.XLOOKUP(C19,'Solution-based'!$C$8:$C$49,'Solution-based'!$E$8:$E$49) -> 0 | E19: =IFERROR(IF(D19>0,SUMIFS(INDIRECT("'Pricelist "&'Solution-based'!$B$3&"'!$"&CHAR(70+$A$2)&"$3:$"&CHAR(70+$A$2)&"$130"),INDIRECT("'Pricelist "&'Solution-based'!$B$3&"'!$O$3:$O$130"),'Calculator +1 tier'!$C19),""),"Pricelist not found") | F19: =IFERROR(D19*E19,"")
C20: ='Solution-based'!C24 -> # Advanced In-house MDR Workloads for Solution-Base Licensing, Partner-level (Servers, VMs, Workstations, Hosting Servers) | D20: =_xlfn.XLOOKUP(C20,'Solution-based'!$C$8:$C$49,'Solution-based'!$E$8:$E$49) -> 0 | E20: =IFERROR(IF(D20>0,SUMIFS(INDIRECT("'Pricelist "&'Solution-based'!$B$3&"'!$"&CHAR(70+$A$2)&"$3:$"&CHAR(70+$A$2)&"$130"),INDIRECT("'Pricelist "&'Solution-based'!$B$3&"'!$O$3:$O$130"),'Calculator +1 tier'!$C20),""),"Pricelist not found") | F20: =IFERROR(D20*E20,"")
C21: ='Solution-based'!C25 -> # Standard In-house MDR Workloads for Solution-Base Licensing, Customer-level (Servers, VMs, Workstations, Hosting Servers) | D21: =_xlfn.XLOOKUP(C21,'Solution-based'!$C$8:$C$49,'Solution-based'!$E$8:$E$49) -> 0 | E21: =IFERROR(IF(D21>0,SUMIFS(INDIRECT("'Pricelist "&'Solution-based'!$B$3&"'!$"&CHAR(70+$A$2)&"$3:$"&CHAR(70+$A$2)&"$130"),INDIRECT("'Pricelist "&'Solution-based'!$B$3&"'!$O$3:$O$130"),'Calculator +1 tier'!$C21),""),"Pricelist not found") | F21: =IFERROR(D21*E21,"")
C22: ='Solution-based'!C26 -> # Advanced In-house MDR Workloads for Solution-Base Licensing, Customer-level (Servers, VMs, Workstations, Hosting Servers) | D22: =_xlfn.XLOOKUP(C22,'Solution-based'!$C$8:$C$49,'Solution-based'!$E$8:$E$49) -> 0 | E22: =IFERROR(IF(D22>0,SUMIFS(INDIRECT("'Pricelist "&'Solution-based'!$B$3&"'!$"&CHAR(70+$A$2)&"$3:$"&CHAR(70+$A$2)&"$130"),INDIRECT("'Pricelist "&'Solution-based'!$B$3&"'!$O$3:$O$130"),'Calculator +1 tier'!$C22),""),"Pricelist not found") | F22: =IFERROR(D22*E22,"")
C23: ='Solution-based'!C27 -> # Standard 3rd Party MDR Workloads for Solution-Base Licensing (Servers, VMs, Workstations, Hosting Servers) | D23: =_xlfn.XLOOKUP(C23,'Solution-based'!$C$8:$C$49,'Solution-based'!$E$8:$E$49) -> 0 | E23: =IFERROR(IF(D23>0,SUMIFS(INDIRECT("'Pricelist "&'Solution-based'!$B$3&"'!$"&CHAR(70+$A$2)&"$3:$"&CHAR(70+$A$2)&"$130"),INDIRECT("'Pricelist "&'Solution-based'!$B$3&"'!$O$3:$O$130"),'Calculator +1 tier'!$C23),""),"Pricelist not found") | F23: =IFERROR(D23*E23,"")
C24: ='Solution-based'!C28 -> # Advanced 3rd Party MDR Workloads for Solution-Base Licensing (Servers, VMs, Workstations, Hosting Servers) | D24: =_xlfn.XLOOKUP(C24,'Solution-based'!$C$8:$C$49,'Solution-based'!$E$8:$E$49) -> 0 | E24: =IFERROR(IF(D24>0,SUMIFS(INDIRECT("'Pricelist "&'Solution-based'!$B$3&"'!$"&CHAR(70+$A$2)&"$3:$"&CHAR(70+$A$2)&"$130"),INDIRECT("'Pricelist "&'Solution-based'!$B$3&"'!$O$3:$O$130"),'Calculator +1 tier'!$C24),""),"Pricelist not found") | F24: =IFERROR(D24*E24,"")
B25: Security Awareness Training | C25: ='Solution-based'!C29 -> # Security Awareness Training for Solution-based Licensing (Users) | D25: =_xlfn.XLOOKUP(C25,'Solution-based'!$C$8:$C$49,'Solution-based'!$E$8:$E$49) -> 0 | E25: =IFERROR(IF(D25>0,SUMIFS(INDIRECT("'Pricelist "&'Solution-based'!$B$3&"'!$"&CHAR(70+$A$2)&"$3:$"&CHAR(70+$A$2)&"$130"),INDIRECT("'Pricelist "&'Solution-based'!$B$3&"'!$O$3:$O$130"),'Calculator +1 tier'!$C25),""),"Pricelist not found") | F25: =IFERROR(D25*E25,"")
B26: Additional Storage for Base Edition | C26: ='Solution-based'!C30 -> Acronis Cloud Storage at Acronis Datacenter (for Solution-based Licensing overages) | D26: =_xlfn.XLOOKUP(C26,'Solution-based'!$C$8:$C$49,'Solution-based'!$E$8:$E$49) -> 0 | E26: =IFERROR(IF(D26>0,SUMIFS(INDIRECT("'Pricelist "&'Solution-based'!$B$3&"'!$"&CHAR(70+$A$2)&"$3:$"&CHAR(70+$A$2)&"$130"),INDIRECT("'Pricelist "&'Solution-based'!$B$3&"'!$O$3:$O$130"),'Calculator +1 tier'!$C26,INDIRECT("'Pricelist "&'Solution-based'!$B$3&"'!$E$3:$E$130"),$D$3),""),"Pricelist not found") | F26: =IFERROR(D26*E26,"")
B27: Geo-replication | C27: ='Solution-based'!C31 -> Solution-based licensing - Backup Geo-redundant - Acronis Hosted Storage | D27: =_xlfn.XLOOKUP(C27,'Solution-based'!$C$8:$C$49,'Solution-based'!$E$8:$E$49) -> 0 | E27: =IF(AND(D27>0,$D$3="G2"),"Not available for G2",IFERROR(IF(D27>0,SUMIFS(INDIRECT("'Pricelist "&'Solution-based'!$B$3&"'!$"&CHAR(70+$A$2)&"$3:$"&CHAR(70+$A$2)&"$130"),INDIRECT("'Pricelist "&'Solution-based'!$B$3&"'!$O$3:$O$130"),'Calculator +1 tier'!$C27),""),"Pricelist not found")) | F27: =IFERROR(D27*E27,"")
C28: ='Solution-based'!C32 -> Solution-based licensing - # Geo-redundant Microsoft 365 seat (unlimited Acronis Hosted Cloud Storage included*) | D28: =_xlfn.XLOOKUP(C28,'Solution-based'!$C$8:$C$49,'Solution-based'!$E$8:$E$49) -> 0 | E28: =IF(AND(D28>0,$D$3="G2"),"Not available for G2",IFERROR(IF(D28>0,SUMIFS(INDIRECT("'Pricelist "&'Solution-based'!$B$3&"'!$"&CHAR(70+$A$2)&"$3:$"&CHAR(70+$A$2)&"$130"),INDIRECT("'Pricelist "&'Solution-based'!$B$3&"'!$O$3:$O$130"),'Calculator +1 tier'!$C28),""),"Pricelist not found")) | F28: =IFERROR(D28*E28,"")
C29: ='Solution-based'!C33 -> Solution-based licensing - # Geo-redundant Google Workspace seat (unlimited Acronis Hosted Cloud Storage included*) | D29: =_xlfn.XLOOKUP(C29,'Solution-based'!$C$8:$C$49,'Solution-based'!$E$8:$E$49) -> 0 | E29: =IF(AND(D29>0,$D$3="G2"),"Not available for G2",IFERROR(IF(D29>0,SUMIFS(INDIRECT("'Pricelist "&'Solution-based'!$B$3&"'!$"&CHAR(70+$A$2)&"$3:$"&CHAR(70+$A$2)&"$130"),INDIRECT("'Pricelist "&'Solution-based'!$B$3&"'!$O$3:$O$130"),'Calculator +1 tier'!$C29),""),"Pricelist not found")) | F29: =IFERROR(D29*E29,"")
B30: Disaster Recovery Infrastructure | C30: ='Solution-based'!C34 -> Monthly Compute Point Consumption for BDR/Ultimate | D30: =_xlfn.XLOOKUP(C30,'Solution-based'!$C$8:$C$49,'Solution-based'!$E$8:$E$49) | E30: =IFERROR(IF(D30>0,SUMIFS(INDIRECT("'Pricelist "&'Solution-based'!$B$3&"'!$"&CHAR(70+$A$2)&"$3:$"&CHAR(70+$A$2)&"$130"),INDIRECT("'Pricelist "&'Solution-based'!$B$3&"'!$O$3:$O$130"),'Calculator +1 tier'!$C30),""),"Pricelist not found") -> 0 | F30: =IFERROR(D30*E30,"")
C31: ='Solution-based'!C35 -> Public IPs for BDR/Ultimate | D31: =_xlfn.XLOOKUP(C31,'Solution-based'!$C$8:$C$49,'Solution-based'!$E$8:$E$49) -> 0 | E31: =IFERROR(IF(D31>0,SUMIFS(INDIRECT("'Pricelist "&'Solution-based'!$B$3&"'!$"&CHAR(70+$A$2)&"$3:$"&CHAR(70+$A$2)&"$130"),INDIRECT("'Pricelist "&'Solution-based'!$B$3&"'!$O$3:$O$130"),'Calculator +1 tier'!$C31),""),"Pricelist not found") | F31: =IFERROR(D31*E31,"")
A32: Cyber Workspace | B32: Cyber Employee | C32: ='Solution-based'!C43 -> # Cyber Employee Agents | D32: =_xlfn.XLOOKUP(C32,'Solution-based'!$C$8:$C$49,'Solution-based'!$E$8:$E$49) -> 0 | E32: =IF(AND(D32>0,$D$3="G2"),"Not available for G2",IFERROR(IF(D32>0,SUMIFS(INDIRECT("'Pricelist "&'Solution-based'!$B$3&"'!$"&CHAR(70+$A$2)&"$3:$"&CHAR(70+$A$2)&"$130"),INDIRECT("'Pricelist "&'Solution-based'!$B$3&"'!$O$3:$O$130"),'Calculator +1 tier'!$C32),""),"Pricelist not found")) | F32: =IFERROR(D32*E32,"")
C33: ='Solution-based'!C44 -> # Cyber Employee Usage Units | D33: =_xlfn.XLOOKUP(C33,'Solution-based'!$C$8:$C$49,'Solution-based'!$E$8:$E$49) -> 0 | E33: =IF(AND(D33>0,$D$3="G2"),"Not available for G2",IFERROR(IF(D33>0,SUMIFS(INDIRECT("'Pricelist "&'Solution-based'!$B$3&"'!$"&CHAR(70+$A$2)&"$3:$"&CHAR(70+$A$2)&"$130"),INDIRECT("'Pricelist "&'Solution-based'!$B$3&"'!$O$3:$O$130"),'Calculator +1 tier'!$C33),""),"Pricelist not found")) | F33: =IFERROR(D33*E33,"")
A34: Cyber Frame | B34: Cyber Frame Local | C34: ='Solution-based'!C37 -> # Physical Cores, Standard Support Included | D34: =_xlfn.XLOOKUP(C34,'Solution-based'!$C$8:$C$49,'Solution-based'!$E$8:$E$49) -> 0 | E34: =IFERROR(IF(D34>0,SUMIFS(INDIRECT("'Pricelist "&'Solution-based'!$B$3&"'!$"&CHAR(70+$A$2)&"$3:$"&CHAR(70+$A$2)&"$130"),INDIRECT("'Pricelist "&'Solution-based'!$B$3&"'!$O$3:$O$130"),'Calculator +1 tier'!$C34),""),"Pricelist not found") | F34: =IFERROR(D34*E34,"")
B35: Cyber Frame Cloud | C35: ='Solution-based'!C38 -> # Used Standard vCPUs | D35: =_xlfn.XLOOKUP(C35,'Solution-based'!$C$8:$C$49,'Solution-based'!$E$8:$E$49) -> 0 | E35: =IFERROR(IF(D35>0,SUMIFS(INDIRECT("'Pricelist "&'Solution-based'!$B$3&"'!$"&CHAR(70+$A$2)&"$3:$"&CHAR(70+$A$2)&"$130"),INDIRECT("'Pricelist "&'Solution-based'!$B$3&"'!$O$3:$O$130"),'Calculator +1 tier'!$C35),""),"Pricelist not found") | F35: =IFERROR(D35*E35,"")
C36: ='Solution-based'!C39 -> # GB of used Standard RAM | D36: =_xlfn.XLOOKUP(C36,'Solution-based'!$C$8:$C$49,'Solution-based'!$E$8:$E$49) -> 0 | E36: =IFERROR(IF(D36>0,SUMIFS(INDIRECT("'Pricelist "&'Solution-based'!$B$3&"'!$"&CHAR(70+$A$2)&"$3:$"&CHAR(70+$A$2)&"$130"),INDIRECT("'Pricelist "&'Solution-based'!$B$3&"'!$O$3:$O$130"),'Calculator +1 tier'!$C36),""),"Pricelist not found") | F36: =IFERROR(D36*E36,"")
C37: ='Solution-based'!C40 -> Cyber Frame Cloud Block Storage | D37: =_xlfn.XLOOKUP(C37,'Solution-based'!$C$8:$C$49,'Solution-based'!$E$8:$E$49) -> 0 | E37: =IFERROR(IF(D37>0,SUMIFS(INDIRECT("'Pricelist "&'Solution-based'!$B$3&"'!$"&CHAR(70+$A$2)&"$3:$"&CHAR(70+$A$2)&"$130"),INDIRECT("'Pricelist "&'Solution-based'!$B$3&"'!$O$3:$O$130"),'Calculator +1 tier'!$C37),""),"Pricelist not found") | F37: =IFERROR(D37*E37,"")
C38: ='Solution-based'!#REF! -> #REF! | D38: =_xlfn.XLOOKUP(C38,'Solution-based'!$C$8:$C$49,'Solution-based'!$E$8:$E$49) -> #REF! | E38: =IFERROR(IF(D38>0,SUMIFS(INDIRECT("'Pricelist "&'Solution-based'!$B$3&"'!$"&CHAR(70+$A$2)&"$3:$"&CHAR(70+$A$2)&"$130"),INDIRECT("'Pricelist "&'Solution-based'!$B$3&"'!$O$3:$O$130"),'Calculator +1 tier'!$C38),""),"Pricelist not found") -> Pricelist not found | F38: =IFERROR(D38*E38,"")
C39: ='Solution-based'!C41 -> # Public IPs for Cyber Frame Cloud | D39: =_xlfn.XLOOKUP(C39,'Solution-based'!$C$8:$C$49,'Solution-based'!$E$8:$E$49) -> 0 | E39: =IFERROR(IF(D39>0,SUMIFS(INDIRECT("'Pricelist "&'Solution-based'!$B$3&"'!$"&CHAR(70+$A$2)&"$3:$"&CHAR(70+$A$2)&"$130"),INDIRECT("'Pricelist "&'Solution-based'!$B$3&"'!$O$3:$O$130"),'Calculator +1 tier'!$C39),""),"Pricelist not found") | F39: =IFERROR(D39*E39,"")
C40: ='Solution-based'!C42 -> # Windows Licenses (per licensed vCPU) | D40: =_xlfn.XLOOKUP(C40,'Solution-based'!$C$8:$C$49,'Solution-based'!$E$8:$E$49) -> 0 | E40: =IFERROR(IF(D40>0,SUMIFS(INDIRECT("'Pricelist "&'Solution-based'!$B$3&"'!$"&CHAR(70+$A$2)&"$3:$"&CHAR(70+$A$2)&"$130"),INDIRECT("'Pricelist "&'Solution-based'!$B$3&"'!$O$3:$O$130"),'Calculator +1 tier'!$C40),""),"Pricelist not found") | F40: =IFERROR(D40*E40,"")
B41: Files Sync & Share | C41: ='Solution-based'!C45 -> # of Cyber Files Users | D41: =_xlfn.XLOOKUP(C41,'Solution-based'!$C$8:$C$49,'Solution-based'!$E$8:$E$49) -> 0 | E41: =IFERROR(IF(D41>0,SUMIFS(INDIRECT("'Pricelist "&'Solution-based'!$B$3&"'!$"&CHAR(70+$A$2)&"$3:$"&CHAR(70+$A$2)&"$130"),INDIRECT("'Pricelist "&'Solution-based'!$B$3&"'!$O$3:$O$130"),'Calculator +1 tier'!$C41),""),"Pricelist not found") | F41: =IFERROR(D41*E41,"")
C42: ='Solution-based'!C46 -> Cyber Files Cloud Acronis Hosted Storage (for per User Model) | D42: =_xlfn.XLOOKUP(C42,'Solution-based'!$C$8:$C$49,'Solution-based'!$E$8:$E$49) -> 0 | E42: =IFERROR(IF(D42>0,SUMIFS(INDIRECT("'Pricelist "&'Solution-based'!$B$3&"'!$"&CHAR(70+$A$2)&"$3:$"&CHAR(70+$A$2)&"$130"),INDIRECT("'Pricelist "&'Solution-based'!$B$3&"'!$O$3:$O$130"),'Calculator +1 tier'!$C42,INDIRECT("'Pricelist "&'Solution-based'!$B$3&"'!$E$3:$E$130"),$D$3),""),"Pricelist not found") | F42: =IFERROR(D42*E42,"")
C43: ='Solution-based'!C47 -> Cyber Files Cloud Acronis Hosted Storage (for per GB Model) | D43: =_xlfn.XLOOKUP(C43,'Solution-based'!$C$8:$C$49,'Solution-based'!$E$8:$E$49) -> 0 | E43: =IFERROR(IF(D43>0,SUMIFS(INDIRECT("'Pricelist "&'Solution-based'!$B$3&"'!$"&CHAR(70+$A$2)&"$3:$"&CHAR(70+$A$2)&"$130"),INDIRECT("'Pricelist "&'Solution-based'!$B$3&"'!$O$3:$O$130"),'Calculator +1 tier'!$C43,INDIRECT("'Pricelist "&'Solution-based'!$B$3&"'!$E$3:$E$130"),$D$3),""),"Pricelist not found") | F43: =IFERROR(D43*E43,"")
C44: ='Solution-based'!C48 -> Cyber Files Cloud Service Provider Hosted Storage | D44: =_xlfn.XLOOKUP(C44,'Solution-based'!$C$8:$C$49,'Solution-based'!$E$8:$E$49) -> 0 | E44: =IFERROR(IF(D44>0,SUMIFS(INDIRECT("'Pricelist "&'Solution-based'!$B$3&"'!$"&CHAR(70+$A$2)&"$3:$"&CHAR(70+$A$2)&"$130"),INDIRECT("'Pricelist "&'Solution-based'!$B$3&"'!$O$3:$O$130"),'Calculator +1 tier'!$C44),""),"Pricelist not found") | F44: =IFERROR(D44*E44,"")
B45: Acronis Cyber Infrastruvture | C45: ='Solution-based'!C49 -> Storage Required for S3/iSCSI/NFS/Compute (Per GB) | D45: =_xlfn.XLOOKUP(C45,'Solution-based'!$C$8:$C$49,'Solution-based'!$E$8:$E$49) -> 0 | E45: =IFERROR(IF(D45>0,SUMIFS(INDIRECT("'Pricelist "&'Solution-based'!$B$3&"'!$"&CHAR(70+$A$2)&"$3:$"&CHAR(70+$A$2)&"$130"),INDIRECT("'Pricelist "&'Solution-based'!$B$3&"'!$O$3:$O$130"),'Calculator +1 tier'!$C45),""),"Pricelist not found") | F45: =IFERROR(D45*E45,"")
A46: Acronis Cyber Protect Cloud | B46: Per Workload | C46: # Physical Servers | D46: =_xlfn.XLOOKUP(C46,'Service-based'!$C$6:$C$72,'Service-based'!$E$6:$E$72) -> 0 | E46: =IFERROR(IF(D46>0,SUMIFS(INDIRECT("'Pricelist "&'Solution-based'!$B$3&"'!$"&CHAR(70+$A$2)&"$3:$"&CHAR(70+$A$2)&"$130"),INDIRECT("'Pricelist "&'Solution-based'!$B$3&"'!$O$3:$O$130"),'Calculator +1 tier'!$C46),""),"Pricelist not found") | F46: =IFERROR(D46*E46,"")
C47: # Network Attached Storage | D47: =_xlfn.XLOOKUP(C47,'Service-based'!$C$6:$C$72,'Service-based'!$E$6:$E$72) -> 0 | E47: =IFERROR(IF(D47>0,SUMIFS(INDIRECT("'Pricelist "&'Solution-based'!$B$3&"'!$"&CHAR(70+$A$2)&"$3:$"&CHAR(70+$A$2)&"$130"),INDIRECT("'Pricelist "&'Solution-based'!$B$3&"'!$O$3:$O$130"),'Calculator +1 tier'!$C47),""),"Pricelist not found") | F47: =IFERROR(D47*E47,"")
C48: # Virtual Machines | D48: =_xlfn.XLOOKUP(C48,'Service-based'!$C$6:$C$72,'Service-based'!$E$6:$E$72) -> 0 | E48: =IFERROR(IF(D48>0,SUMIFS(INDIRECT("'Pricelist "&'Solution-based'!$B$3&"'!$"&CHAR(70+$A$2)&"$3:$"&CHAR(70+$A$2)&"$130"),INDIRECT("'Pricelist "&'Solution-based'!$B$3&"'!$O$3:$O$130"),'Calculator +1 tier'!$C48),""),"Pricelist not found") | F48: =IFERROR(D48*E48,"")
C49: # Workstations | D49: =_xlfn.XLOOKUP(C49,'Service-based'!$C$6:$C$72,'Service-based'!$E$6:$E$72) -> 0 | E49: =IFERROR(IF(D49>0,SUMIFS(INDIRECT("'Pricelist "&'Solution-based'!$B$3&"'!$"&CHAR(70+$A$2)&"$3:$"&CHAR(70+$A$2)&"$130"),INDIRECT("'Pricelist "&'Solution-based'!$B$3&"'!$O$3:$O$130"),'Calculator +1 tier'!$C49),""),"Pricelist not found") | F49: =IFERROR(D49*E49,"")
C50: # Hosting Servers | D50: =_xlfn.XLOOKUP(C50,'Service-based'!$C$6:$C$72,'Service-based'!$E$6:$E$72) -> 0 | E50: =IFERROR(IF(D50>0,SUMIFS(INDIRECT("'Pricelist "&'Solution-based'!$B$3&"'!$"&CHAR(70+$A$2)&"$3:$"&CHAR(70+$A$2)&"$130"),INDIRECT("'Pricelist "&'Solution-based'!$B$3&"'!$O$3:$O$130"),'Calculator +1 tier'!$C50),""),"Pricelist not found") | F50: =IFERROR(D50*E50,"")
C51: # Microsoft 365 Seats (unlimited Acronis Hosted Cloud Storage included*) | D51: =_xlfn.XLOOKUP(C51,'Service-based'!$C$6:$C$72,'Service-based'!$E$6:$E$72) -> 0 | E51: =IFERROR(IF(D51>0,SUMIFS(INDIRECT("'Pricelist "&'Solution-based'!$B$3&"'!$"&CHAR(70+$A$2)&"$3:$"&CHAR(70+$A$2)&"$130"),INDIRECT("'Pricelist "&'Solution-based'!$B$3&"'!$O$3:$O$130"),'Calculator +1 tier'!$C51,INDIRECT("'Pricelist "&'Solution-based'!$B$3&"'!$E$3:$E$130"),$D$3),""),"Pricelist not found") | F51: =IFERROR(D51*E51,"")
C52: # Microsoft 365 Seats (for SP/Customer/Azure/Google Hosted Storage) | D52: =_xlfn.XLOOKUP(C52,'Service-based'!$C$6:$C$72,'Service-based'!$E$6:$E$72) -> 0 | E52: =IFERROR(IF(D52>0,SUMIFS(INDIRECT("'Pricelist "&'Solution-based'!$B$3&"'!$"&CHAR(70+$A$2)&"$3:$"&CHAR(70+$A$2)&"$130"),INDIRECT("'Pricelist "&'Solution-based'!$B$3&"'!$O$3:$O$130"),'Calculator +1 tier'!$C52),""),"Pricelist not found") | F52: =IFERROR(D52*E52,"")
C53: ='Service-based'!C29 -> # Entra ID Seats (unlimited Acronis Hosted Cloud Storage included*) | D53: ='Service-based'!E29 -> 0 | E53: 0 | F53: =IFERROR(D53*E53,"") -> 0
C54: ='Service-based'!C30 -> # Entra ID Seats (for SP/Azure/Google Hosted Storage) | D54: ='Service-based'!E30 -> 0 | E54: 0 | F54: =IFERROR(D54*E54,"") -> 0
C55: # Google Workspace Seats (unlimited Acronis Hosted Cloud Storage included*) | D55: =_xlfn.XLOOKUP(C55,'Service-based'!$C$6:$C$72,'Service-based'!$E$6:$E$72) -> 0 | E55: =IFERROR(IF(D55>0,SUMIFS(INDIRECT("'Pricelist "&'Solution-based'!$B$3&"'!$"&CHAR(70+$A$2)&"$3:$"&CHAR(70+$A$2)&"$130"),INDIRECT("'Pricelist "&'Solution-based'!$B$3&"'!$O$3:$O$130"),'Calculator +1 tier'!$C55,INDIRECT("'Pricelist "&'Solution-based'!$B$3&"'!$E$3:$E$130"),$D$3),""),"Pricelist not found") | F55: =IFERROR(D55*E55,"")
C56: ='Service-based'!C32 -> # Google Workspace Seats (for SP/Azure/Google Hosted Storage) | D56: =_xlfn.XLOOKUP(C56,'Service-based'!$C$6:$C$72,'Service-based'!$E$6:$E$72) -> 0 | E56: =IFERROR(IF(D56>0,SUMIFS(INDIRECT("'Pricelist "&'Solution-based'!$B$3&"'!$"&CHAR(70+$A$2)&"$3:$"&CHAR(70+$A$2)&"$130"),INDIRECT("'Pricelist "&'Solution-based'!$B$3&"'!$O$3:$O$130"),'Calculator +1 tier'!$C56),""),"Pricelist not found") | F56: =IFERROR(D56*E56,"")
C57: # Mobile Devices | D57: =_xlfn.XLOOKUP(C57,'Service-based'!$C$6:$C$72,'Service-based'!$E$6:$E$72) -> 0 | E57: =IFERROR(IF(D57>0,SUMIFS(INDIRECT("'Pricelist "&'Solution-based'!$B$3&"'!$"&CHAR(70+$A$2)&"$3:$"&CHAR(70+$A$2)&"$130"),INDIRECT("'Pricelist "&'Solution-based'!$B$3&"'!$O$3:$O$130"),'Calculator +1 tier'!$C57),""),"Pricelist not found") | F57: =IFERROR(D57*E57,"")
C58: Acronis Cloud Storage at Acronis Datacenter (for Per Workload model) | D58: =_xlfn.XLOOKUP(C58,'Service-based'!$C$6:$C$72,'Service-based'!$E$6:$E$72) -> 0 | E58: =IFERROR(IF(D58>0,SUMIFS(INDIRECT("'Pricelist "&'Solution-based'!$B$3&"'!$"&CHAR(70+$A$2)&"$3:$"&CHAR(70+$A$2)&"$130"),INDIRECT("'Pricelist "&'Solution-based'!$B$3&"'!$O$3:$O$130"),'Calculator +1 tier'!$C58,INDIRECT("'Pricelist "&'Solution-based'!$B$3&"'!$E$3:$E$130"),$D$3),""),"Pricelist not found") | F58: =IFERROR(D58*E58,"")
C59: Acronis Cloud Storage at Azure/Google datacenters (for Per Workload model) | D59: =_xlfn.XLOOKUP(C59,'Service-based'!$C$6:$C$72,'Service-based'!$E$6:$E$72) -> 0 | E59: =IFERROR(IF(D59>0,SUMIFS(INDIRECT("'Pricelist "&'Solution-based'!$B$3&"'!$"&CHAR(70+$A$2)&"$3:$"&CHAR(70+$A$2)&"$130"),INDIRECT("'Pricelist "&'Solution-based'!$B$3&"'!$O$3:$O$130"),'Calculator +1 tier'!$C59),""),"Pricelist not found") | F59: =IFERROR(D59*E59,"")
C60: # Microsoft 365 Archiving Seats (with unlimited Acronis Hosted Cloud storage*) | D60: =_xlfn.XLOOKUP(C60,'Service-based'!$C$6:$C$72,'Service-based'!$E$6:$E$72) -> 0 | E60: =IFERROR(IF(D60>0,SUMIFS(INDIRECT("'Pricelist "&'Solution-based'!$B$3&"'!$"&CHAR(70+$A$2)&"$3:$"&CHAR(70+$A$2)&"$130"),INDIRECT("'Pricelist "&'Solution-based'!$B$3&"'!$O$3:$O$130"),'Calculator +1 tier'!$C60,INDIRECT("'Pricelist "&'Solution-based'!$B$3&"'!$E$3:$E$130"),$D$3),""),"Pricelist not found") | F60: =IFERROR(D60*E60,"")
C61: # Microsoft 365 Archiving Seats (for SP/Azure/Google Hosted storage) | D61: =_xlfn.XLOOKUP(C61,'Service-based'!$C$6:$C$72,'Service-based'!$E$6:$E$72) -> 0 | E61: =IFERROR(IF(D61>0,SUMIFS(INDIRECT("'Pricelist "&'Solution-based'!$B$3&"'!$"&CHAR(70+$A$2)&"$3:$"&CHAR(70+$A$2)&"$130"),INDIRECT("'Pricelist "&'Solution-based'!$B$3&"'!$O$3:$O$130"),'Calculator +1 tier'!$C61),""),"Pricelist not found") | F61: =IFERROR(D61*E61,"")
C62: Acronis Cloud Storage for Email Archiving at Azure/Google datacenters (for Per Workload model) | D62: =_xlfn.XLOOKUP(C62,'Service-based'!$C$6:$C$72,'Service-based'!$E$6:$E$72) -> 0 | E62: =IFERROR(IF(D62>0,SUMIFS(INDIRECT("'Pricelist "&'Solution-based'!$B$3&"'!$"&CHAR(70+$A$2)&"$3:$"&CHAR(70+$A$2)&"$130"),INDIRECT("'Pricelist "&'Solution-based'!$B$3&"'!$O$3:$O$130"),'Calculator +1 tier'!$C62),""),"Pricelist not found") | F62: =IFERROR(D62*E62,"")
B63: 4. Input data for endpoints to be licensed in per GB model
B64: Per GB | C64: Acronis Cloud Storage at Acronis Datacenter (for Per GB model) | D64: =_xlfn.XLOOKUP(C64,'Service-based'!$C$6:$C$72,'Service-based'!$E$6:$E$72) -> 0 | E64: =IFERROR(IF(D64>0,SUMIFS(INDIRECT("'Pricelist "&'Solution-based'!$B$3&"'!$"&CHAR(70+$A$2)&"$3:$"&CHAR(70+$A$2)&"$130"),INDIRECT("'Pricelist "&'Solution-based'!$B$3&"'!$O$3:$O$130"),'Calculator +1 tier'!$C64,INDIRECT("'Pricelist "&'Solution-based'!$B$3&"'!$E$3:$E$130"),$D$3),""),"Pricelist not found") | F64: =IFERROR(D64*E64,"")
C65: Acronis Cloud Storage at Azure/Google datacenters (for Per GB model) | D65: =_xlfn.XLOOKUP(C65,'Service-based'!$C$6:$C$72,'Service-based'!$E$6:$E$72) -> 0 | E65: =IFERROR(IF(D65>0,SUMIFS(INDIRECT("'Pricelist "&'Solution-based'!$B$3&"'!$"&CHAR(70+$A$2)&"$3:$"&CHAR(70+$A$2)&"$130"),INDIRECT("'Pricelist "&'Solution-based'!$B$3&"'!$O$3:$O$130"),'Calculator +1 tier'!$C65),""),"Pricelist not found") | F65: =IFERROR(D65*E65,"")
C66: Cloud - Service Provider Hosted Storage | D66: =_xlfn.XLOOKUP(C66,'Service-based'!$C$6:$C$72,'Service-based'!$E$6:$E$72) -> 0 | E66: =IFERROR(IF(D66>0,SUMIFS(INDIRECT("'Pricelist "&'Solution-based'!$B$3&"'!$"&CHAR(70+$A$2)&"$3:$"&CHAR(70+$A$2)&"$130"),INDIRECT("'Pricelist "&'Solution-based'!$B$3&"'!$O$3:$O$130"),'Calculator +1 tier'!$C66),""),"Pricelist not found") | F66: =IFERROR(D66*E66,"")
C67: Customer Storage | D67: =_xlfn.XLOOKUP(C67,'Service-based'!$C$6:$C$72,'Service-based'!$E$6:$E$72) -> 0 | E67: =IFERROR(IF(D67>0,SUMIFS(INDIRECT("'Pricelist "&'Solution-based'!$B$3&"'!$"&CHAR(70+$A$2)&"$3:$"&CHAR(70+$A$2)&"$130"),INDIRECT("'Pricelist "&'Solution-based'!$B$3&"'!$O$3:$O$130"),'Calculator +1 tier'!$C67),""),"Pricelist not found") | F67: =IFERROR(D67*E67,"")
C68: Acronis Cloud Storage for Email Archiving at Acronis Datacenter (for Per GB model) | D68: =_xlfn.XLOOKUP(C68,'Service-based'!$C$6:$C$72,'Service-based'!$E$6:$E$72) -> 0 | E68: =IFERROR(IF(D68>0,SUMIFS(INDIRECT("'Pricelist "&'Solution-based'!$B$3&"'!$"&CHAR(70+$A$2)&"$3:$"&CHAR(70+$A$2)&"$130"),INDIRECT("'Pricelist "&'Solution-based'!$B$3&"'!$O$3:$O$130"),'Calculator +1 tier'!$C68,INDIRECT("'Pricelist "&'Solution-based'!$B$3&"'!$E$3:$E$130"),$D$3),""),"Pricelist not found") | F68: =IFERROR(D68*E68,"")
C69: ='Service-based'!C57 -> Email Archiving Cloud Storage - Service Provider Hosted | D69: =_xlfn.XLOOKUP(C69,'Service-based'!$C$6:$C$72,'Service-based'!$E$6:$E$72) -> 0 | E69: =IFERROR(IF(D69>0,SUMIFS(INDIRECT("'Pricelist "&'Solution-based'!$B$3&"'!$"&CHAR(70+$A$2)&"$3:$"&CHAR(70+$A$2)&"$130"),INDIRECT("'Pricelist "&'Solution-based'!$B$3&"'!$O$3:$O$130"),'Calculator +1 tier'!$C69),""),"Pricelist not found") | F69: =IFERROR(D69*E69,"")
C70: Acronis Cloud Storage for Email Archiving at Azure/Google datacenters (for Per GB model) | D70: =_xlfn.XLOOKUP(C70,'Service-based'!$C$6:$C$72,'Service-based'!$E$6:$E$72) -> 0 | E70: =IFERROR(IF(D70>0,SUMIFS(INDIRECT("'Pricelist "&'Solution-based'!$B$3&"'!$"&CHAR(70+$A$2)&"$3:$"&CHAR(70+$A$2)&"$130"),INDIRECT("'Pricelist "&'Solution-based'!$B$3&"'!$O$3:$O$130"),'Calculator +1 tier'!$C70),""),"Pricelist not found") | F70: =IFERROR(D70*E70,"")
B71: M365 Backup Storage | C71: ='Service-based'!C40 -> Microsoft 365 Backup Storage powered by Microsoft (per GB, for both per GB and per workload models) | D71: =_xlfn.XLOOKUP(C71,'Service-based'!$C$6:$C$72,'Service-based'!$E$6:$E$72) -> 0 | E71: =IFERROR(IF(D71>0,SUMIFS(INDIRECT("'Pricelist "&'Solution-based'!$B$3&"'!$"&CHAR(70+$A$2)&"$3:$"&CHAR(70+$A$2)&"$130"),INDIRECT("'Pricelist "&'Solution-based'!$B$3&"'!$O$3:$O$130"),'Calculator +1 tier'!$C71),""),"Pricelist not found") | F71: =IFERROR(D71*E71,"")
B72: Geo-replication | C72: Per GB/Workload model - Backup Geo-redundant - Acronis Hosted Storage | D72: =_xlfn.XLOOKUP(C72,'Service-based'!$C$6:$C$72,'Service-based'!$E$6:$E$72) -> 0 | E72: =IF(AND(D72>0,$D$3="G2"),"Not available for G2",IFERROR(IF(D72>0,SUMIFS(INDIRECT("'Pricelist "&'Solution-based'!$B$3&"'!$"&CHAR(70+$A$2)&"$3:$"&CHAR(70+$A$2)&"$130"),INDIRECT("'Pricelist "&'Solution-based'!$B$3&"'!$O$3:$O$130"),'Calculator +1 tier'!$C72),""),"Pricelist not found")) | F72: =IFERROR(D72*E72,"")
C73: Per Workload model - # Geo-redundant Microsoft 365 seat (unlimited Acronis Hosted Cloud Storage included*) | D73: =_xlfn.XLOOKUP(C73,'Service-based'!$C$6:$C$72,'Service-based'!$E$6:$E$72) -> 0 | E73: =IF(AND(D73>0,$D$3="G2"),"Not available for G2",IFERROR(IF(D73>0,SUMIFS(INDIRECT("'Pricelist "&'Solution-based'!$B$3&"'!$"&CHAR(70+$A$2)&"$3:$"&CHAR(70+$A$2)&"$130"),INDIRECT("'Pricelist "&'Solution-based'!$B$3&"'!$O$3:$O$130"),'Calculator +1 tier'!$C73),""),"Pricelist not found")) | F73: =IFERROR(D73*E73,"")
C74: Per Workload model - # Geo-redundant Google Workspace seat (unlimited Acronis Hosted Cloud Storage included*) | D74: =_xlfn.XLOOKUP(C74,'Service-based'!$C$6:$C$72,'Service-based'!$E$6:$E$72) -> 0 | E74: =IF(AND(D74>0,$D$3="G2"),"Not available for G2",IFERROR(IF(D74>0,SUMIFS(INDIRECT("'Pricelist "&'Solution-based'!$B$3&"'!$"&CHAR(70+$A$2)&"$3:$"&CHAR(70+$A$2)&"$130"),INDIRECT("'Pricelist "&'Solution-based'!$B$3&"'!$O$3:$O$130"),'Calculator +1 tier'!$C74),""),"Pricelist not found")) | F74: =IFERROR(D74*E74,"")
B75: 5. Input data for endpoints to be protected by Advanced Packs
A76: Advanced packs | B76: Advanced Backup | C76: ='Service-based'!C44 -> # Direct Backup to Public Cloud, Physical Servers | D76: =_xlfn.XLOOKUP(C76,'Service-based'!$C$6:$C$72,'Service-based'!$E$6:$E$72) -> 0 | E76: =IFERROR(IF(D76>0,SUMIFS(INDIRECT("'Pricelist "&'Solution-based'!$B$3&"'!$"&CHAR(70+$A$2)&"$3:$"&CHAR(70+$A$2)&"$130"),INDIRECT("'Pricelist "&'Solution-based'!$B$3&"'!$O$3:$O$130"),'Calculator +1 tier'!$C76),""),"Pricelist not found") | F76: =IFERROR(D76*E76,"")
C77: ='Service-based'!C45 -> # Direct Backup to Public Cloud, Virtual Machines | D77: =_xlfn.XLOOKUP(C77,'Service-based'!$C$6:$C$72,'Service-based'!$E$6:$E$72) -> 0 | E77: =IFERROR(IF(D77>0,SUMIFS(INDIRECT("'Pricelist "&'Solution-based'!$B$3&"'!$"&CHAR(70+$A$2)&"$3:$"&CHAR(70+$A$2)&"$130"),INDIRECT("'Pricelist "&'Solution-based'!$B$3&"'!$O$3:$O$130"),'Calculator +1 tier'!$C77),""),"Pricelist not found") | F77: =IFERROR(D77*E77,"")
C78: ='Service-based'!C46 -> # Direct Backup to Public Cloud, Workstations | D78: =_xlfn.XLOOKUP(C78,'Service-based'!$C$6:$C$72,'Service-based'!$E$6:$E$72) -> 0 | E78: =IFERROR(IF(D78>0,SUMIFS(INDIRECT("'Pricelist "&'Solution-based'!$B$3&"'!$"&CHAR(70+$A$2)&"$3:$"&CHAR(70+$A$2)&"$130"),INDIRECT("'Pricelist "&'Solution-based'!$B$3&"'!$O$3:$O$130"),'Calculator +1 tier'!$C78),""),"Pricelist not found") | F78: =IFERROR(D78*E78,"")
C79: ='Service-based'!C47 -> # Direct Backup to Public Cloud, Hosting Servers | D79: =_xlfn.XLOOKUP(C79,'Service-based'!$C$6:$C$72,'Service-based'!$E$6:$E$72) -> 0 | E79: =IFERROR(IF(D79>0,SUMIFS(INDIRECT("'Pricelist "&'Solution-based'!$B$3&"'!$"&CHAR(70+$A$2)&"$3:$"&CHAR(70+$A$2)&"$130"),INDIRECT("'Pricelist "&'Solution-based'!$B$3&"'!$O$3:$O$130"),'Calculator +1 tier'!$C79),""),"Pricelist not found") | F79: =IFERROR(D79*E79,"")
B80: Advanced Management | C80: ='Service-based'!C20 -> # Remote Monitoring and Management (RMM) Workloads (Servers, VMs, Workstations, Hosting Servers) | D80: =_xlfn.XLOOKUP(C80,'Service-based'!$C$6:$C$72,'Service-based'!$E$6:$E$72) -> 0 | E80: =IFERROR(IF(D80>0,SUMIFS(INDIRECT("'Pricelist "&'Solution-based'!$B$3&"'!$"&CHAR(70+$A$2)&"$3:$"&CHAR(70+$A$2)&"$130"),INDIRECT("'Pricelist "&'Solution-based'!$B$3&"'!$O$3:$O$130"),'Calculator +1 tier'!$C80),""),"Pricelist not found") | F80: =IFERROR(D80*E80,"")
C81: ='Service-based'!C18 -> # SaaS Security Posture Management Workloads (Microsoft 365 Seats) | D81: =_xlfn.XLOOKUP(C81,'Service-based'!$C$6:$C$72,'Service-based'!$E$6:$E$72) -> 0 | E81: =IFERROR(IF(D81>0,SUMIFS(INDIRECT("'Pricelist "&'Solution-based'!$B$3&"'!$"&CHAR(70+$A$2)&"$3:$"&CHAR(70+$A$2)&"$130"),INDIRECT("'Pricelist "&'Solution-based'!$B$3&"'!$O$3:$O$130"),'Calculator +1 tier'!$C81),""),"Pricelist not found") | F81: =IFERROR(D81*E81,"")
B82: Advanced Security | C82: ='Service-based'!C6 -> # Endpoint Detection and Response (EDR) Workloads (Servers, VMs, Workstations, Hosting Servers) | D82: =_xlfn.XLOOKUP(C82,'Service-based'!$C$6:$C$72,'Service-based'!$E$6:$E$72) -> 0 | E82: =IFERROR(IF(D82>0,SUMIFS(INDIRECT("'Pricelist "&'Solution-based'!$B$3&"'!$"&CHAR(70+$A$2)&"$3:$"&CHAR(70+$A$2)&"$130"),INDIRECT("'Pricelist "&'Solution-based'!$B$3&"'!$O$3:$O$130"),'Calculator +1 tier'!$C82),""),"Pricelist not found") | F82: =IFERROR(D82*E82,"")
C83: ='Service-based'!C7 -> # Extended Detection and Response (XDR) Workloads (Servers, VMs, Workstations, Hosting Servers) | D83: =_xlfn.XLOOKUP(C83,'Service-based'!$C$6:$C$72,'Service-based'!$E$6:$E$72) -> 0 | E83: =IFERROR(IF(D83>0,SUMIFS(INDIRECT("'Pricelist "&'Solution-based'!$B$3&"'!$"&CHAR(70+$A$2)&"$3:$"&CHAR(70+$A$2)&"$130"),INDIRECT("'Pricelist "&'Solution-based'!$B$3&"'!$O$3:$O$130"),'Calculator +1 tier'!$C83),""),"Pricelist not found") | F83: =IFERROR(D83*E83,"")
C84: ='Service-based'!C8 -> # In-house MDR Workloads - Standard - Partner-level (Servers, VMs, Workstations, Hosting Servers) | D84: =_xlfn.XLOOKUP(C84,'Service-based'!$C$6:$C$72,'Service-based'!$E$6:$E$72) -> 0 | E84: =IFERROR(IF(D84>0,SUMIFS(INDIRECT("'Pricelist "&'Solution-based'!$B$3&"'!$"&CHAR(70+$A$2)&"$3:$"&CHAR(70+$A$2)&"$130"),INDIRECT("'Pricelist "&'Solution-based'!$B$3&"'!$O$3:$O$130"),'Calculator +1 tier'!$C84),""),"Pricelist not found") | F84: =IFERROR(D84*E84,"")
C85: ='Service-based'!C9 -> # In-house MDR Workloads - Advanced - Partner-level (Servers, VMs, Workstations, Hosting Servers) | D85: =_xlfn.XLOOKUP(C85,'Service-based'!$C$6:$C$72,'Service-based'!$E$6:$E$72) -> 0 | E85: =IFERROR(IF(D85>0,SUMIFS(INDIRECT("'Pricelist "&'Solution-based'!$B$3&"'!$"&CHAR(70+$A$2)&"$3:$"&CHAR(70+$A$2)&"$130"),INDIRECT("'Pricelist "&'Solution-based'!$B$3&"'!$O$3:$O$130"),'Calculator +1 tier'!$C85),""),"Pricelist not found") | F85: =IFERROR(D85*E85,"")
C86: ='Service-based'!C10 -> # In-house MDR Workloads - Standard - Customer-level (Servers, VMs, Workstations, Hosting Servers) | D86: =_xlfn.XLOOKUP(C86,'Service-based'!$C$6:$C$72,'Service-based'!$E$6:$E$72) -> 0 | E86: =IFERROR(IF(D86>0,SUMIFS(INDIRECT("'Pricelist "&'Solution-based'!$B$3&"'!$"&CHAR(70+$A$2)&"$3:$"&CHAR(70+$A$2)&"$130"),INDIRECT("'Pricelist "&'Solution-based'!$B$3&"'!$O$3:$O$130"),'Calculator +1 tier'!$C86),""),"Pricelist not found") | F86: =IFERROR(D86*E86,"")
C87: ='Service-based'!C11 -> # In-house MDR Workloads - Advanced - Customer-level (Servers, VMs, Workstations, Hosting Servers) | D87: =_xlfn.XLOOKUP(C87,'Service-based'!$C$6:$C$72,'Service-based'!$E$6:$E$72) -> 0 | E87: =IFERROR(IF(D87>0,SUMIFS(INDIRECT("'Pricelist "&'Solution-based'!$B$3&"'!$"&CHAR(70+$A$2)&"$3:$"&CHAR(70+$A$2)&"$130"),INDIRECT("'Pricelist "&'Solution-based'!$B$3&"'!$O$3:$O$130"),'Calculator +1 tier'!$C87),""),"Pricelist not found") | F87: =IFERROR(D87*E87,"")
C88: ='Service-based'!C12 -> # 3rd Party MDR Workloads - Standard (Servers, VMs, Workstations, Hosting Servers) | D88: =_xlfn.XLOOKUP(C88,'Service-based'!$C$6:$C$72,'Service-based'!$E$6:$E$72) -> 0 | E88: =IFERROR(IF(D88>0,SUMIFS(INDIRECT("'Pricelist "&'Solution-based'!$B$3&"'!$"&CHAR(70+$A$2)&"$3:$"&CHAR(70+$A$2)&"$130"),INDIRECT("'Pricelist "&'Solution-based'!$B$3&"'!$O$3:$O$130"),'Calculator +1 tier'!$C88),""),"Pricelist not found") | F88: =IFERROR(D88*E88,"")
C89: ='Service-based'!C13 -> # 3rd Party MDR Workloads - Advanced (Servers, VMs, Workstations, Hosting Servers) | D89: =_xlfn.XLOOKUP(C89,'Service-based'!$C$6:$C$72,'Service-based'!$E$6:$E$72) -> 0 | E89: =IFERROR(IF(D89>0,SUMIFS(INDIRECT("'Pricelist "&'Solution-based'!$B$3&"'!$"&CHAR(70+$A$2)&"$3:$"&CHAR(70+$A$2)&"$130"),INDIRECT("'Pricelist "&'Solution-based'!$B$3&"'!$O$3:$O$130"),'Calculator +1 tier'!$C89),""),"Pricelist not found") | F89: =IFERROR(D89*E89,"")
C90: ='Service-based'!C14 -> # Gen AI Protection Workloads | D90: =_xlfn.XLOOKUP(C90,'Service-based'!$C$6:$C$72,'Service-based'!$E$6:$E$72) -> 0 | E90: =IFERROR(IF(D90>0,SUMIFS(INDIRECT("'Pricelist "&'Solution-based'!$B$3&"'!$"&CHAR(70+$A$2)&"$3:$"&CHAR(70+$A$2)&"$130"),INDIRECT("'Pricelist "&'Solution-based'!$B$3&"'!$O$3:$O$130"),'Calculator +1 tier'!$C90),""),"Pricelist not found") | F90: =IFERROR(D90*E90,"")
B91: Advanced Email Security (Perception Point) | C91: ='Service-based'!C16 -> # Email Security Users | D91: =_xlfn.XLOOKUP(C91,'Service-based'!$C$6:$C$72,'Service-based'!$E$6:$E$72) -> 0 | E91: =IFERROR(IF(D91>0,SUMIFS(INDIRECT("'Pricelist "&'Solution-based'!$B$3&"'!$"&CHAR(70+$A$2)&"$3:$"&CHAR(70+$A$2)&"$130"),INDIRECT("'Pricelist "&'Solution-based'!$B$3&"'!$O$3:$O$130"),'Calculator +1 tier'!$C91),""),"Pricelist not found") | F91: =IFERROR(D91*E91,"")
C92: ='Service-based'!C17 -> # Collaboration Security Users | D92: =_xlfn.XLOOKUP(C92,'Service-based'!$C$6:$C$72,'Service-based'!$E$6:$E$72) -> 0 | E92: =IFERROR(IF(D92>0,SUMIFS(INDIRECT("'Pricelist "&'Solution-based'!$B$3&"'!$"&CHAR(70+$A$2)&"$3:$"&CHAR(70+$A$2)&"$130"),INDIRECT("'Pricelist "&'Solution-based'!$B$3&"'!$O$3:$O$130"),'Calculator +1 tier'!$C92),""),"Pricelist not found") | F92: =IFERROR(D92*E92,"")
B93: Security Awareness Training | C93: ='Service-based'!C19 -> # Security Awareness Training (Users) | D93: =_xlfn.XLOOKUP(C93,'Service-based'!$C$6:$C$72,'Service-based'!$E$6:$E$72) -> 0 | E93: =IFERROR(IF(D93>0,SUMIFS(INDIRECT("'Pricelist "&'Solution-based'!$B$3&"'!$"&CHAR(70+$A$2)&"$3:$"&CHAR(70+$A$2)&"$130"),INDIRECT("'Pricelist "&'Solution-based'!$B$3&"'!$O$3:$O$130"),'Calculator +1 tier'!$C93),""),"Pricelist not found") | F93: =IFERROR(D93*E93,"")
B94: Advanced Data Loss Prevention | C94: ='Service-based'!C15 -> # Data Loss Prevention Workloads (Servers, VMs, Workstations, Hosting Servers) | D94: =_xlfn.XLOOKUP(C94,'Service-based'!$C$6:$C$72,'Service-based'!$E$6:$E$72) -> 0 | E94: =IFERROR(IF(D94>0,SUMIFS(INDIRECT("'Pricelist "&'Solution-based'!$B$3&"'!$"&CHAR(70+$A$2)&"$3:$"&CHAR(70+$A$2)&"$130"),INDIRECT("'Pricelist "&'Solution-based'!$B$3&"'!$O$3:$O$130"),'Calculator +1 tier'!$C94),""),"Pricelist not found") | F94: =IFERROR(D94*E94,"")
B95: Advanced automation | C95: ='Service-based'!C21 -> # Professional Services Automation (PSA) users (3 minimum) | D95: =_xlfn.XLOOKUP(C95,'Service-based'!$C$6:$C$72,'Service-based'!$E$6:$E$72) -> 0 | E95: =IFERROR(IF(D95>0,SUMIFS(INDIRECT("'Pricelist "&'Solution-based'!$B$3&"'!$"&CHAR(70+$A$2)&"$3:$"&CHAR(70+$A$2)&"$130"),INDIRECT("'Pricelist "&'Solution-based'!$B$3&"'!$O$3:$O$130"),'Calculator +1 tier'!$C95),""),"Pricelist not found") | F95: =IFERROR(D95*E95,"")
B96: Advanced Disaster Recovery | C96: Disaster Recovery Cloud Storage - Acronis Hosted | D96: =_xlfn.XLOOKUP(C96,'Service-based'!$C$6:$C$72,'Service-based'!$E$6:$E$72) -> 0 | E96: =IFERROR(IF(D96>0,SUMIFS(INDIRECT("'Pricelist "&'Solution-based'!$B$3&"'!$"&CHAR(70+$A$2)&"$3:$"&CHAR(70+$A$2)&"$130"),INDIRECT("'Pricelist "&'Solution-based'!$B$3&"'!$O$3:$O$130"),'Calculator +1 tier'!$C96,INDIRECT("'Pricelist "&'Solution-based'!$B$3&"'!$E$3:$E$130"),$D$3),""),"Pricelist not found") | F96: =IFERROR(D96*E96,"")
C97: Disaster Recovery Cloud Storage - Service Provider Hosted | D97: =_xlfn.XLOOKUP(C97,'Service-based'!$C$6:$C$72,'Service-based'!$E$6:$E$72) -> 0 | E97: =IFERROR(IF(D97>0,SUMIFS(INDIRECT("'Pricelist "&'Solution-based'!$B$3&"'!$"&CHAR(70+$A$2)&"$3:$"&CHAR(70+$A$2)&"$130"),INDIRECT("'Pricelist "&'Solution-based'!$B$3&"'!$O$3:$O$130"),'Calculator +1 tier'!$C97),""),"Pricelist not found") | F97: =IFERROR(D97*E97,"")
C98: Monthly Compute Point Consumption (tests) | D98: =_xlfn.XLOOKUP(C98,'Service-based'!$C$6:$C$72,'Service-based'!$E$6:$E$72) | E98: =IFERROR(IF(D98>0,SUMIFS(INDIRECT("'Pricelist "&'Solution-based'!$B$3&"'!$"&CHAR(70+$A$2)&"$3:$"&CHAR(70+$A$2)&"$130"),INDIRECT("'Pricelist "&'Solution-based'!$B$3&"'!$O$3:$O$130"),'Calculator +1 tier'!$C98),""),"Pricelist not found") -> 0 | F98: =IFERROR(D98*E98,"")
C99: ='Service-based'!C52 -> # DR and Direct Backup to Azure workloads | D99: =_xlfn.XLOOKUP(C99,'Service-based'!$C$6:$C$72,'Service-based'!$E$6:$E$72) -> 0 | E99: =IFERROR(IF(D99>0,SUMIFS(INDIRECT("'Pricelist "&'Solution-based'!$B$3&"'!$"&CHAR(70+$A$2)&"$3:$"&CHAR(70+$A$2)&"$130"),INDIRECT("'Pricelist "&'Solution-based'!$B$3&"'!$O$3:$O$130"),'Calculator +1 tier'!$C99),""),"Pricelist not found") | F99: =IFERROR(D99*E99,"")
C100: Public IPs | D100: =_xlfn.XLOOKUP(C100,'Service-based'!$C$6:$C$72,'Service-based'!$E$6:$E$72) -> 0 | E100: =IFERROR(IF(D100>0,SUMIFS(INDIRECT("'Pricelist "&'Solution-based'!$B$3&"'!$"&CHAR(70+$A$2)&"$3:$"&CHAR(70+$A$2)&"$130"),INDIRECT("'Pricelist "&'Solution-based'!$B$3&"'!$O$3:$O$130"),'Calculator +1 tier'!$C100),""),"Pricelist not found") | F100: =IFERROR(D100*E100,"")
B101: Cyber Employee | C101: ='Service-based'!C66 -> # Cyber Employee Agents | D101: =_xlfn.XLOOKUP(C101,'Service-based'!$C$6:$C$72,'Service-based'!$E$6:$E$72) -> 0 | E101: =IF(AND(D101>0,$D$3="G2"),"Not available for G2",IFERROR(IF(D101>0,SUMIFS(INDIRECT("'Pricelist "&'Solution-based'!$B$3&"'!$"&CHAR(70+$A$2)&"$3:$"&CHAR(70+$A$2)&"$130"),INDIRECT("'Pricelist "&'Solution-based'!$B$3&"'!$O$3:$O$130"),'Calculator +1 tier'!$C101),""),"Pricelist not found")) | F101: =IFERROR(D101*E101,"")
...

Sheet Calculator +1 tier
A2: ='Solution-based'!D5+1 -> 2 | B2: 1. Choose Minimum commitment: | D2: {=INDEX(INDIRECT("'Pricelist "&'Solution-based'!$B$3&"'!$G$2:$N$2"),1,A2)} -> 500
B3: 2. Choose Datacenter Group: | D3: ='Service-based'!E4 -> G1
B4: 3. Input data for endpoints to be licensed in per Workload model | D4: Quantity | E4: Price per unit (monthly) | F4: Cost
A5: Solution-based licensing | B5: Security+RMM | C5: ='Calculator -1 tier'!C5 -> # Endpoint Security (Servers, VMs, Workstations) | D5: ='Calculator -1 tier'!D5 -> 0 | E5: =IFERROR(IF(D5>0,SUMIFS(INDIRECT("'Pricelist "&'Solution-based'!$B$3&"'!$"&CHAR(70+$A$2)&"$3:$"&CHAR(70+$A$2)&"$130"),INDIRECT("'Pricelist "&'Solution-based'!$B$3&"'!$O$3:$O$130"),'Calculator +1 tier'!$C5),""),"Pricelist not found") | F5: =IFERROR(D5*E5,"")
C6: ='Calculator -1 tier'!C6 -> # Microsoft 365 Security | D6: ='Calculator -1 tier'!D6 -> 0 | E6: =IFERROR(IF(D6>0,SUMIFS(INDIRECT("'Pricelist "&'Solution-based'!$B$3&"'!$"&CHAR(70+$A$2)&"$3:$"&CHAR(70+$A$2)&"$130"),INDIRECT("'Pricelist "&'Solution-based'!$B$3&"'!$O$3:$O$130"),'Calculator +1 tier'!$C6),""),"Pricelist not found") | F6: =IFERROR(D6*E6,"")
C7: ='Calculator -1 tier'!C7 -> # Google Workspace Security | D7: ='Calculator -1 tier'!D7 -> 0 | E7: =IFERROR(IF(D7>0,SUMIFS(INDIRECT("'Pricelist "&'Solution-based'!$B$3&"'!$"&CHAR(70+$A$2)&"$3:$"&CHAR(70+$A$2)&"$130"),INDIRECT("'Pricelist "&'Solution-based'!$B$3&"'!$O$3:$O$130"),'Calculator +1 tier'!$C7),""),"Pricelist not found") | F7: =IFERROR(D7*E7,"")
B8: BDR | C8: ='Calculator -1 tier'!C8 -> # BDR Server (3 TB of Acronis Hosted Storage included) | D8: ='Calculator -1 tier'!D8 -> 0 | E8: =IFERROR(IF(D8>0,SUMIFS(INDIRECT("'Pricelist "&'Solution-based'!$B$3&"'!$"&CHAR(70+$A$2)&"$3:$"&CHAR(70+$A$2)&"$130"),INDIRECT("'Pricelist "&'Solution-based'!$B$3&"'!$O$3:$O$130"),'Calculator +1 tier'!$C8,INDIRECT("'Pricelist "&'Solution-based'!$B$3&"'!$E$3:$E$130"),$D$3),""),"Pricelist not found") | F8: =IFERROR(D8*E8,"")
C9: ='Calculator -1 tier'!C9 -> # BDR Virtual Machine (2 TB of Acronis Hosted Storage included) | D9: ='Calculator -1 tier'!D9 -> 0 | E9: =IFERROR(IF(D9>0,SUMIFS(INDIRECT("'Pricelist "&'Solution-based'!$B$3&"'!$"&CHAR(70+$A$2)&"$3:$"&CHAR(70+$A$2)&"$130"),INDIRECT("'Pricelist "&'Solution-based'!$B$3&"'!$O$3:$O$130"),'Calculator +1 tier'!$C9,INDIRECT("'Pricelist "&'Solution-based'!$B$3&"'!$E$3:$E$130"),$D$3),""),"Pricelist not found") | F9: =IFERROR(D9*E9,"")
C10: ='Calculator -1 tier'!C10 -> # BDR Workstation (300 GB of Acronis Hosted Storage included) | D10: ='Calculator -1 tier'!D10 -> 0 | E10: =IFERROR(IF(D10>0,SUMIFS(INDIRECT("'Pricelist "&'Solution-based'!$B$3&"'!$"&CHAR(70+$A$2)&"$3:$"&CHAR(70+$A$2)&"$130"),INDIRECT("'Pricelist "&'Solution-based'!$B$3&"'!$O$3:$O$130"),'Calculator +1 tier'!$C10,INDIRECT("'Pricelist "&'Solution-based'!$B$3&"'!$E$3:$E$130"),$D$3),""),"Pricelist not found") | F10: =IFERROR(D10*E10,"")
C11: ='Calculator -1 tier'!C11 -> # Microsoft 365 Backup + Archiving (unlimited Acronis Hosted Cloud Storage included*) | D11: ='Calculator -1 tier'!D11 -> 0 | E11: =IFERROR(IF(D11>0,SUMIFS(INDIRECT("'Pricelist "&'Solution-based'!$B$3&"'!$"&CHAR(70+$A$2)&"$3:$"&CHAR(70+$A$2)&"$130"),INDIRECT("'Pricelist "&'Solution-based'!$B$3&"'!$O$3:$O$130"),'Calculator +1 tier'!$C11,INDIRECT("'Pricelist "&'Solution-based'!$B$3&"'!$E$3:$E$130"),$D$3),""),"Pricelist not found") | F11: =IFERROR(D11*E11,"")
C12: ='Calculator -1 tier'!C12 -> # Google Workspace Backup (unlimited Acronis Hosted Cloud Storage included*) | D12: ='Calculator -1 tier'!D12 -> 0 | E12: =IFERROR(IF(D12>0,SUMIFS(INDIRECT("'Pricelist "&'Solution-based'!$B$3&"'!$"&CHAR(70+$A$2)&"$3:$"&CHAR(70+$A$2)&"$130"),INDIRECT("'Pricelist "&'Solution-based'!$B$3&"'!$O$3:$O$130"),'Calculator +1 tier'!$C12,INDIRECT("'Pricelist "&'Solution-based'!$B$3&"'!$E$3:$E$130"),$D$3),""),"Pricelist not found") | F12: =IFERROR(D12*E12,"")
C13: ='Calculator -1 tier'!C13 -> # Mobile Backup (50 GB od Acronis Hosted Storage included) | D13: ='Calculator -1 tier'!D13 -> 0 | E13: =IFERROR(IF(D13>0,SUMIFS(INDIRECT("'Pricelist "&'Solution-based'!$B$3&"'!$"&CHAR(70+$A$2)&"$3:$"&CHAR(70+$A$2)&"$130"),INDIRECT("'Pricelist "&'Solution-based'!$B$3&"'!$O$3:$O$130"),'Calculator +1 tier'!$C13,INDIRECT("'Pricelist "&'Solution-based'!$B$3&"'!$E$3:$E$130"),$D$3),""),"Pricelist not found") | F13: =IFERROR(D13*E13,"")
B14: Ultimate | C14: ='Calculator -1 tier'!C14 -> # Ultimate Server (3 TB of Acronis Hosted Storage included) | D14: ='Calculator -1 tier'!D14 -> 0 | E14: =IFERROR(IF(D14>0,SUMIFS(INDIRECT("'Pricelist "&'Solution-based'!$B$3&"'!$"&CHAR(70+$A$2)&"$3:$"&CHAR(70+$A$2)&"$130"),INDIRECT("'Pricelist "&'Solution-based'!$B$3&"'!$O$3:$O$130"),'Calculator +1 tier'!$C14,INDIRECT("'Pricelist "&'Solution-based'!$B$3&"'!$E$3:$E$130"),$D$3),""),"Pricelist not found") | F14: =IFERROR(D14*E14,"")
C15: ='Calculator -1 tier'!C15 -> # Ultimate Virtual Machine (2 TB of Acronis Hosted Storage included) | D15: ='Calculator -1 tier'!D15 -> 0 | E15: =IFERROR(IF(D15>0,SUMIFS(INDIRECT("'Pricelist "&'Solution-based'!$B$3&"'!$"&CHAR(70+$A$2)&"$3:$"&CHAR(70+$A$2)&"$130"),INDIRECT("'Pricelist "&'Solution-based'!$B$3&"'!$O$3:$O$130"),'Calculator +1 tier'!$C15,INDIRECT("'Pricelist "&'Solution-based'!$B$3&"'!$E$3:$E$130"),$D$3),""),"Pricelist not found") | F15: =IFERROR(D15*E15,"")
C16: ='Calculator -1 tier'!C16 -> # Ultimate Workstation (300 GB of Acronis Hosted Storage included) | D16: ='Calculator -1 tier'!D16 -> 0 | E16: =IFERROR(IF(D16>0,SUMIFS(INDIRECT("'Pricelist "&'Solution-based'!$B$3&"'!$"&CHAR(70+$A$2)&"$3:$"&CHAR(70+$A$2)&"$130"),INDIRECT("'Pricelist "&'Solution-based'!$B$3&"'!$O$3:$O$130"),'Calculator +1 tier'!$C16,INDIRECT("'Pricelist "&'Solution-based'!$B$3&"'!$E$3:$E$130"),$D$3),""),"Pricelist not found") | F16: =IFERROR(D16*E16,"")
C17: ='Calculator -1 tier'!C17 -> # Ultimate Microsoft 365 (unlimited Acronis Hosted Cloud Storage included*) | D17: ='Calculator -1 tier'!D17 -> 0 | E17: =IFERROR(IF(D17>0,SUMIFS(INDIRECT("'Pricelist "&'Solution-based'!$B$3&"'!$"&CHAR(70+$A$2)&"$3:$"&CHAR(70+$A$2)&"$130"),INDIRECT("'Pricelist "&'Solution-based'!$B$3&"'!$O$3:$O$130"),'Calculator +1 tier'!$C17,INDIRECT("'Pricelist "&'Solution-based'!$B$3&"'!$E$3:$E$130"),$D$3),""),"Pricelist not found") | F17: =IFERROR(D17*E17,"")
C18: ='Calculator -1 tier'!C18 -> # Ultimate Google Workspace (unlimited Acronis Hosted Cloud Storage included*) | D18: ='Calculator -1 tier'!D18 -> 0 | E18: =IFERROR(IF(D18>0,SUMIFS(INDIRECT("'Pricelist "&'Solution-based'!$B$3&"'!$"&CHAR(70+$A$2)&"$3:$"&CHAR(70+$A$2)&"$130"),INDIRECT("'Pricelist "&'Solution-based'!$B$3&"'!$O$3:$O$130"),'Calculator +1 tier'!$C18,INDIRECT("'Pricelist "&'Solution-based'!$B$3&"'!$E$3:$E$130"),$D$3),""),"Pricelist not found") | F18: =IFERROR(D18*E18,"")
B19: Managed Detection and Response | C19: ='Calculator -1 tier'!C19 -> # Standard In-house MDR Workloads for Solution-Base Licensing, Partner-level (Servers, VMs, Workstations, Hosting Servers) | D19: ='Calculator -1 tier'!D19 -> 0 | E19: =IFERROR(IF(D19>0,SUMIFS(INDIRECT("'Pricelist "&'Solution-based'!$B$3&"'!$"&CHAR(70+$A$2)&"$3:$"&CHAR(70+$A$2)&"$130"),INDIRECT("'Pricelist "&'Solution-based'!$B$3&"'!$O$3:$O$130"),'Calculator +1 tier'!$C19),""),"Pricelist not found") | F19: =IFERROR(D19*E19,"")
C20: ='Calculator -1 tier'!C20 -> # Advanced In-house MDR Workloads for Solution-Base Licensing, Partner-level (Servers, VMs, Workstations, Hosting Servers) | D20: ='Calculator -1 tier'!D20 -> 0 | E20: =IFERROR(IF(D20>0,SUMIFS(INDIRECT("'Pricelist "&'Solution-based'!$B$3&"'!$"&CHAR(70+$A$2)&"$3:$"&CHAR(70+$A$2)&"$130"),INDIRECT("'Pricelist "&'Solution-based'!$B$3&"'!$O$3:$O$130"),'Calculator +1 tier'!$C20),""),"Pricelist not found") | F20: =IFERROR(D20*E20,"")
C21: ='Calculator -1 tier'!C21 -> # Standard In-house MDR Workloads for Solution-Base Licensing, Customer-level (Servers, VMs, Workstations, Hosting Servers) | D21: ='Calculator -1 tier'!D21 -> 0 | E21: =IFERROR(IF(D21>0,SUMIFS(INDIRECT("'Pricelist "&'Solution-based'!$B$3&"'!$"&CHAR(70+$A$2)&"$3:$"&CHAR(70+$A$2)&"$130"),INDIRECT("'Pricelist "&'Solution-based'!$B$3&"'!$O$3:$O$130"),'Calculator +1 tier'!$C21),""),"Pricelist not found") | F21: =IFERROR(D21*E21,"")
C22: ='Calculator -1 tier'!C22 -> # Advanced In-house MDR Workloads for Solution-Base Licensing, Customer-level (Servers, VMs, Workstations, Hosting Servers) | D22: ='Calculator -1 tier'!D22 -> 0 | E22: =IFERROR(IF(D22>0,SUMIFS(INDIRECT("'Pricelist "&'Solution-based'!$B$3&"'!$"&CHAR(70+$A$2)&"$3:$"&CHAR(70+$A$2)&"$130"),INDIRECT("'Pricelist "&'Solution-based'!$B$3&"'!$O$3:$O$130"),'Calculator +1 tier'!$C22),""),"Pricelist not found") | F22: =IFERROR(D22*E22,"")
C23: ='Calculator -1 tier'!C23 -> # Standard 3rd Party MDR Workloads for Solution-Base Licensing (Servers, VMs, Workstations, Hosting Servers) | D23: ='Calculator -1 tier'!D23 -> 0 | E23: =IFERROR(IF(D23>0,SUMIFS(INDIRECT("'Pricelist "&'Solution-based'!$B$3&"'!$"&CHAR(70+$A$2)&"$3:$"&CHAR(70+$A$2)&"$130"),INDIRECT("'Pricelist "&'Solution-based'!$B$3&"'!$O$3:$O$130"),'Calculator +1 tier'!$C23),""),"Pricelist not found") | F23: =IFERROR(D23*E23,"")
C24: ='Calculator -1 tier'!C24 -> # Advanced 3rd Party MDR Workloads for Solution-Base Licensing (Servers, VMs, Workstations, Hosting Servers) | D24: ='Calculator -1 tier'!D24 -> 0 | E24: =IFERROR(IF(D24>0,SUMIFS(INDIRECT("'Pricelist "&'Solution-based'!$B$3&"'!$"&CHAR(70+$A$2)&"$3:$"&CHAR(70+$A$2)&"$130"),INDIRECT("'Pricelist "&'Solution-based'!$B$3&"'!$O$3:$O$130"),'Calculator +1 tier'!$C24),""),"Pricelist not found") | F24: =IFERROR(D24*E24,"")
B25: Security Awareness Training | C25: ='Calculator -1 tier'!C25 -> # Security Awareness Training for Solution-based Licensing (Users) | D25: ='Calculator -1 tier'!D25 -> 0 | E25: =IFERROR(IF(D25>0,SUMIFS(INDIRECT("'Pricelist "&'Solution-based'!$B$3&"'!$"&CHAR(70+$A$2)&"$3:$"&CHAR(70+$A$2)&"$130"),INDIRECT("'Pricelist "&'Solution-based'!$B$3&"'!$O$3:$O$130"),'Calculator +1 tier'!$C25),""),"Pricelist not found") | F25: =IFERROR(D25*E25,"")
B26: Additional Storage for Base Edition | C26: ='Calculator -1 tier'!C26 -> Acronis Cloud Storage at Acronis Datacenter (for Solution-based Licensing overages) | D26: ='Calculator -1 tier'!D26 -> 0 | E26: =IFERROR(IF(D26>0,SUMIFS(INDIRECT("'Pricelist "&'Solution-based'!$B$3&"'!$"&CHAR(70+$A$2)&"$3:$"&CHAR(70+$A$2)&"$130"),INDIRECT("'Pricelist "&'Solution-based'!$B$3&"'!$O$3:$O$130"),'Calculator +1 tier'!$C26,INDIRECT("'Pricelist "&'Solution-based'!$B$3&"'!$E$3:$E$130"),$D$3),""),"Pricelist not found") | F26: =IFERROR(D26*E26,"")
B27: Geo-replication | C27: ='Calculator -1 tier'!C27 -> Solution-based licensing - Backup Geo-redundant - Acronis Hosted Storage | D27: ='Calculator -1 tier'!D27 -> 0 | E27: =IF(AND(D27>0,$D$3="G2"),"Not available for G2",IFERROR(IF(D27>0,SUMIFS(INDIRECT("'Pricelist "&'Solution-based'!$B$3&"'!$"&CHAR(70+$A$2)&"$3:$"&CHAR(70+$A$2)&"$130"),INDIRECT("'Pricelist "&'Solution-based'!$B$3&"'!$O$3:$O$130"),'Calculator +1 tier'!$C27),""),"Pricelist not found")) | F27: =IFERROR(D27*E27,"")
C28: ='Calculator -1 tier'!C28 -> Solution-based licensing - # Geo-redundant Microsoft 365 seat (unlimited Acronis Hosted Cloud Storage included*) | D28: ='Calculator -1 tier'!D28 -> 0 | E28: =IF(AND(D28>0,$D$3="G2"),"Not available for G2",IFERROR(IF(D28>0,SUMIFS(INDIRECT("'Pricelist "&'Solution-based'!$B$3&"'!$"&CHAR(70+$A$2)&"$3:$"&CHAR(70+$A$2)&"$130"),INDIRECT("'Pricelist "&'Solution-based'!$B$3&"'!$O$3:$O$130"),'Calculator +1 tier'!$C28),""),"Pricelist not found")) | F28: =IFERROR(D28*E28,"")
C29: ='Calculator -1 tier'!C29 -> Solution-based licensing - # Geo-redundant Google Workspace seat (unlimited Acronis Hosted Cloud Storage included*) | D29: ='Calculator -1 tier'!D29 -> 0 | E29: =IF(AND(D29>0,$D$3="G2"),"Not available for G2",IFERROR(IF(D29>0,SUMIFS(INDIRECT("'Pricelist "&'Solution-based'!$B$3&"'!$"&CHAR(70+$A$2)&"$3:$"&CHAR(70+$A$2)&"$130"),INDIRECT("'Pricelist "&'Solution-based'!$B$3&"'!$O$3:$O$130"),'Calculator +1 tier'!$C29),""),"Pricelist not found")) | F29: =IFERROR(D29*E29,"")
B30: Disaster Recovery Infrastructure | C30: ='Calculator -1 tier'!C30 -> Monthly Compute Point Consumption for BDR/Ultimate | D30: ='Calculator -1 tier'!D30 | E30: =IFERROR(IF(D30>0,SUMIFS(INDIRECT("'Pricelist "&'Solution-based'!$B$3&"'!$"&CHAR(70+$A$2)&"$3:$"&CHAR(70+$A$2)&"$130"),INDIRECT("'Pricelist "&'Solution-based'!$B$3&"'!$O$3:$O$130"),'Calculator +1 tier'!$C30),""),"Pricelist not found") -> 0.0558 | F30: =IFERROR(D30*E30,"")
C31: ='Calculator -1 tier'!C31 -> Public IPs for BDR/Ultimate | D31: ='Calculator -1 tier'!D31 -> 0 | E31: =IFERROR(IF(D31>0,SUMIFS(INDIRECT("'Pricelist "&'Solution-based'!$B$3&"'!$"&CHAR(70+$A$2)&"$3:$"&CHAR(70+$A$2)&"$130"),INDIRECT("'Pricelist "&'Solution-based'!$B$3&"'!$O$3:$O$130"),'Calculator +1 tier'!$C31),""),"Pricelist not found") | F31: =IFERROR(D31*E31,"")
A32: Cyber Workspace | B32: Cyber Employee | C32: ='Calculator -1 tier'!C32 -> # Cyber Employee Agents | D32: ='Calculator -1 tier'!D32 -> 0 | E32: =IF(AND(D32>0,$D$3="G2"),"Not available for G2",IFERROR(IF(D32>0,SUMIFS(INDIRECT("'Pricelist "&'Solution-based'!$B$3&"'!$"&CHAR(70+$A$2)&"$3:$"&CHAR(70+$A$2)&"$130"),INDIRECT("'Pricelist "&'Solution-based'!$B$3&"'!$O$3:$O$130"),'Calculator +1 tier'!$C32),""),"Pricelist not found")) | F32: =IFERROR(D32*E32,"")
C33: ='Calculator -1 tier'!C33 -> # Cyber Employee Usage Units | D33: ='Calculator -1 tier'!D33 -> 0 | E33: =IF(AND(D33>0,$D$3="G2"),"Not available for G2",IFERROR(IF(D33>0,SUMIFS(INDIRECT("'Pricelist "&'Solution-based'!$B$3&"'!$"&CHAR(70+$A$2)&"$3:$"&CHAR(70+$A$2)&"$130"),INDIRECT("'Pricelist "&'Solution-based'!$B$3&"'!$O$3:$O$130"),'Calculator +1 tier'!$C33),""),"Pricelist not found")) | F33: =IFERROR(D33*E33,"")
A34: Cyber Frame | B34: Cyber Frame Local | C34: ='Calculator -1 tier'!C34 -> # Physical Cores, Standard Support Included | D34: ='Calculator -1 tier'!D34 -> 0 | E34: =IFERROR(IF(D34>0,SUMIFS(INDIRECT("'Pricelist "&'Solution-based'!$B$3&"'!$"&CHAR(70+$A$2)&"$3:$"&CHAR(70+$A$2)&"$130"),INDIRECT("'Pricelist "&'Solution-based'!$B$3&"'!$O$3:$O$130"),'Calculator +1 tier'!$C34),""),"Pricelist not found") | F34: =IFERROR(D34*E34,"")
B35: Cyber Frame Cloud | C35: ='Calculator -1 tier'!C35 -> # Used Standard vCPUs | D35: ='Calculator -1 tier'!D35 -> 0 | E35: =IFERROR(IF(D35>0,SUMIFS(INDIRECT("'Pricelist "&'Solution-based'!$B$3&"'!$"&CHAR(70+$A$2)&"$3:$"&CHAR(70+$A$2)&"$130"),INDIRECT("'Pricelist "&'Solution-based'!$B$3&"'!$O$3:$O$130"),'Calculator +1 tier'!$C35),""),"Pricelist not found") | F35: =IFERROR(D35*E35,"")
C36: ='Calculator -1 tier'!C36 -> # GB of used Standard RAM | D36: ='Calculator -1 tier'!D36 -> 0 | E36: =IFERROR(IF(D36>0,SUMIFS(INDIRECT("'Pricelist "&'Solution-based'!$B$3&"'!$"&CHAR(70+$A$2)&"$3:$"&CHAR(70+$A$2)&"$130"),INDIRECT("'Pricelist "&'Solution-based'!$B$3&"'!$O$3:$O$130"),'Calculator +1 tier'!$C36),""),"Pricelist not found") | F36: =IFERROR(D36*E36,"")
C37: ='Calculator -1 tier'!C37 -> Cyber Frame Cloud Block Storage | D37: ='Calculator -1 tier'!D37 -> 0 | E37: =IFERROR(IF(D37>0,SUMIFS(INDIRECT("'Pricelist "&'Solution-based'!$B$3&"'!$"&CHAR(70+$A$2)&"$3:$"&CHAR(70+$A$2)&"$130"),INDIRECT("'Pricelist "&'Solution-based'!$B$3&"'!$O$3:$O$130"),'Calculator +1 tier'!$C37),""),"Pricelist not found") | F37: =IFERROR(D37*E37,"")
C38: ='Calculator -1 tier'!C38 -> #REF! | D38: ='Calculator -1 tier'!D38 -> #REF! | E38: =IFERROR(IF(D38>0,SUMIFS(INDIRECT("'Pricelist "&'Solution-based'!$B$3&"'!$"&CHAR(70+$A$2)&"$3:$"&CHAR(70+$A$2)&"$130"),INDIRECT("'Pricelist "&'Solution-based'!$B$3&"'!$O$3:$O$130"),'Calculator +1 tier'!$C38),""),"Pricelist not found") -> Pricelist not found | F38: =IFERROR(D38*E38,"")
C39: ='Calculator -1 tier'!C39 -> # Public IPs for Cyber Frame Cloud | D39: ='Calculator -1 tier'!D39 -> 0 | E39: =IFERROR(IF(D39>0,SUMIFS(INDIRECT("'Pricelist "&'Solution-based'!$B$3&"'!$"&CHAR(70+$A$2)&"$3:$"&CHAR(70+$A$2)&"$130"),INDIRECT("'Pricelist "&'Solution-based'!$B$3&"'!$O$3:$O$130"),'Calculator +1 tier'!$C39),""),"Pricelist not found") | F39: =IFERROR(D39*E39,"")
C40: ='Calculator -1 tier'!C40 -> # Windows Licenses (per licensed vCPU) | D40: ='Calculator -1 tier'!D40 -> 0 | E40: =IFERROR(IF(D40>0,SUMIFS(INDIRECT("'Pricelist "&'Solution-based'!$B$3&"'!$"&CHAR(70+$A$2)&"$3:$"&CHAR(70+$A$2)&"$130"),INDIRECT("'Pricelist "&'Solution-based'!$B$3&"'!$O$3:$O$130"),'Calculator +1 tier'!$C40),""),"Pricelist not found") | F40: =IFERROR(D40*E40,"")
B41: Files Sync & Share | C41: ='Calculator -1 tier'!C41 -> # of Cyber Files Users | D41: ='Calculator -1 tier'!D41 -> 0 | E41: =IFERROR(IF(D41>0,SUMIFS(INDIRECT("'Pricelist "&'Solution-based'!$B$3&"'!$"&CHAR(70+$A$2)&"$3:$"&CHAR(70+$A$2)&"$130"),INDIRECT("'Pricelist "&'Solution-based'!$B$3&"'!$O$3:$O$130"),'Calculator +1 tier'!$C41),""),"Pricelist not found") | F41: =IFERROR(D41*E41,"")
C42: ='Calculator -1 tier'!C42 -> Cyber Files Cloud Acronis Hosted Storage (for per User Model) | D42: ='Calculator -1 tier'!D42 -> 0 | E42: =IFERROR(IF(D42>0,SUMIFS(INDIRECT("'Pricelist "&'Solution-based'!$B$3&"'!$"&CHAR(70+$A$2)&"$3:$"&CHAR(70+$A$2)&"$130"),INDIRECT("'Pricelist "&'Solution-based'!$B$3&"'!$O$3:$O$130"),'Calculator +1 tier'!$C42,INDIRECT("'Pricelist "&'Solution-based'!$B$3&"'!$E$3:$E$130"),$D$3),""),"Pricelist not found") | F42: =IFERROR(D42*E42,"")
C43: ='Calculator -1 tier'!C43 -> Cyber Files Cloud Acronis Hosted Storage (for per GB Model) | D43: ='Calculator -1 tier'!D43 -> 0 | E43: =IFERROR(IF(D43>0,SUMIFS(INDIRECT("'Pricelist "&'Solution-based'!$B$3&"'!$"&CHAR(70+$A$2)&"$3:$"&CHAR(70+$A$2)&"$130"),INDIRECT("'Pricelist "&'Solution-based'!$B$3&"'!$O$3:$O$130"),'Calculator +1 tier'!$C43,INDIRECT("'Pricelist "&'Solution-based'!$B$3&"'!$E$3:$E$130"),$D$3),""),"Pricelist not found") | F43: =IFERROR(D43*E43,"")
C44: ='Calculator -1 tier'!C44 -> Cyber Files Cloud Service Provider Hosted Storage | D44: ='Calculator -1 tier'!D44 -> 0 | E44: =IFERROR(IF(D44>0,SUMIFS(INDIRECT("'Pricelist "&'Solution-based'!$B$3&"'!$"&CHAR(70+$A$2)&"$3:$"&CHAR(70+$A$2)&"$130"),INDIRECT("'Pricelist "&'Solution-based'!$B$3&"'!$O$3:$O$130"),'Calculator +1 tier'!$C44),""),"Pricelist not found") | F44: =IFERROR(D44*E44,"")
B45: Acronis Cyber Infrastruvture | C45: ='Calculator -1 tier'!C45 -> Storage Required for S3/iSCSI/NFS/Compute (Per GB) | D45: ='Calculator -1 tier'!D45 -> 0 | E45: =IFERROR(IF(D45>0,SUMIFS(INDIRECT("'Pricelist "&'Solution-based'!$B$3&"'!$"&CHAR(70+$A$2)&"$3:$"&CHAR(70+$A$2)&"$130"),INDIRECT("'Pricelist "&'Solution-based'!$B$3&"'!$O$3:$O$130"),'Calculator +1 tier'!$C45),""),"Pricelist not found") | F45: =IFERROR(D45*E45,"")
A46: Acronis Cyber Protect Cloud | B46: Per Workload | C46: ='Calculator -1 tier'!C46 -> # Physical Servers | D46: ='Calculator -1 tier'!D46 -> 0 | E46: =IFERROR(IF(D46>0,SUMIFS(INDIRECT("'Pricelist "&'Solution-based'!$B$3&"'!$"&CHAR(70+$A$2)&"$3:$"&CHAR(70+$A$2)&"$130"),INDIRECT("'Pricelist "&'Solution-based'!$B$3&"'!$O$3:$O$130"),'Calculator +1 tier'!$C46),""),"Pricelist not found") | F46: =IFERROR(D46*E46,"")
C47: ='Calculator -1 tier'!C47 -> # Network Attached Storage | D47: ='Calculator -1 tier'!D47 -> 0 | E47: =IFERROR(IF(D47>0,SUMIFS(INDIRECT("'Pricelist "&'Solution-based'!$B$3&"'!$"&CHAR(70+$A$2)&"$3:$"&CHAR(70+$A$2)&"$130"),INDIRECT("'Pricelist "&'Solution-based'!$B$3&"'!$O$3:$O$130"),'Calculator +1 tier'!$C47),""),"Pricelist not found") | F47: =IFERROR(D47*E47,"")
C48: ='Calculator -1 tier'!C48 -> # Virtual Machines | D48: ='Calculator -1 tier'!D48 -> 0 | E48: =IFERROR(IF(D48>0,SUMIFS(INDIRECT("'Pricelist "&'Solution-based'!$B$3&"'!$"&CHAR(70+$A$2)&"$3:$"&CHAR(70+$A$2)&"$130"),INDIRECT("'Pricelist "&'Solution-based'!$B$3&"'!$O$3:$O$130"),'Calculator +1 tier'!$C48),""),"Pricelist not found") | F48: =IFERROR(D48*E48,"")
C49: ='Calculator -1 tier'!C49 -> # Workstations | D49: ='Calculator -1 tier'!D49 -> 0 | E49: =IFERROR(IF(D49>0,SUMIFS(INDIRECT("'Pricelist "&'Solution-based'!$B$3&"'!$"&CHAR(70+$A$2)&"$3:$"&CHAR(70+$A$2)&"$130"),INDIRECT("'Pricelist "&'Solution-based'!$B$3&"'!$O$3:$O$130"),'Calculator +1 tier'!$C49),""),"Pricelist not found") | F49: =IFERROR(D49*E49,"")
C50: ='Calculator -1 tier'!C50 -> # Hosting Servers | D50: ='Calculator -1 tier'!D50 -> 0 | E50: =IFERROR(IF(D50>0,SUMIFS(INDIRECT("'Pricelist "&'Solution-based'!$B$3&"'!$"&CHAR(70+$A$2)&"$3:$"&CHAR(70+$A$2)&"$130"),INDIRECT("'Pricelist "&'Solution-based'!$B$3&"'!$O$3:$O$130"),'Calculator +1 tier'!$C50),""),"Pricelist not found") | F50: =IFERROR(D50*E50,"")
C51: ='Calculator -1 tier'!C51 -> # Microsoft 365 Seats (unlimited Acronis Hosted Cloud Storage included*) | D51: ='Calculator -1 tier'!D51 -> 0 | E51: =IFERROR(IF(D51>0,SUMIFS(INDIRECT("'Pricelist "&'Solution-based'!$B$3&"'!$"&CHAR(70+$A$2)&"$3:$"&CHAR(70+$A$2)&"$130"),INDIRECT("'Pricelist "&'Solution-based'!$B$3&"'!$O$3:$O$130"),'Calculator +1 tier'!$C51,INDIRECT("'Pricelist "&'Solution-based'!$B$3&"'!$E$3:$E$130"),$D$3),""),"Pricelist not found") | F51: =IFERROR(D51*E51,"")
C52: ='Calculator -1 tier'!C52 -> # Microsoft 365 Seats (for SP/Customer/Azure/Google Hosted Storage) | D52: ='Calculator -1 tier'!D52 -> 0 | E52: =IFERROR(IF(D52>0,SUMIFS(INDIRECT("'Pricelist "&'Solution-based'!$B$3&"'!$"&CHAR(70+$A$2)&"$3:$"&CHAR(70+$A$2)&"$130"),INDIRECT("'Pricelist "&'Solution-based'!$B$3&"'!$O$3:$O$130"),'Calculator +1 tier'!$C52),""),"Pricelist not found") | F52: =IFERROR(D52*E52,"")
C53: ='Service-based'!C29 -> # Entra ID Seats (unlimited Acronis Hosted Cloud Storage included*) | D53: ='Service-based'!E29 -> 0 | E53: 0 | F53: =IFERROR(D53*E53,"") -> 0
C54: ='Service-based'!C30 -> # Entra ID Seats (for SP/Azure/Google Hosted Storage) | D54: ='Service-based'!E30 -> 0 | E54: 0 | F54: =IFERROR(D54*E54,"") -> 0
C55: ='Calculator -1 tier'!C55 -> # Google Workspace Seats (unlimited Acronis Hosted Cloud Storage included*) | D55: ='Calculator -1 tier'!D55 -> 0 | E55: =IFERROR(IF(D55>0,SUMIFS(INDIRECT("'Pricelist "&'Solution-based'!$B$3&"'!$"&CHAR(70+$A$2)&"$3:$"&CHAR(70+$A$2)&"$130"),INDIRECT("'Pricelist "&'Solution-based'!$B$3&"'!$O$3:$O$130"),'Calculator +1 tier'!$C55,INDIRECT("'Pricelist "&'Solution-based'!$B$3&"'!$E$3:$E$130"),$D$3),""),"Pricelist not found") | F55: =IFERROR(D55*E55,"")
C56: ='Calculator -1 tier'!C56 -> # Google Workspace Seats (for SP/Azure/Google Hosted Storage) | D56: ='Calculator -1 tier'!D56 -> 0 | E56: =IFERROR(IF(D56>0,SUMIFS(INDIRECT("'Pricelist "&'Solution-based'!$B$3&"'!$"&CHAR(70+$A$2)&"$3:$"&CHAR(70+$A$2)&"$130"),INDIRECT("'Pricelist "&'Solution-based'!$B$3&"'!$O$3:$O$130"),'Calculator +1 tier'!$C56),""),"Pricelist not found") | F56: =IFERROR(D56*E56,"")
C57: ='Calculator -1 tier'!C57 -> # Mobile Devices | D57: ='Calculator -1 tier'!D57 -> 0 | E57: =IFERROR(IF(D57>0,SUMIFS(INDIRECT("'Pricelist "&'Solution-based'!$B$3&"'!$"&CHAR(70+$A$2)&"$3:$"&CHAR(70+$A$2)&"$130"),INDIRECT("'Pricelist "&'Solution-based'!$B$3&"'!$O$3:$O$130"),'Calculator +1 tier'!$C57),""),"Pricelist not found") | F57: =IFERROR(D57*E57,"")
C58: ='Calculator -1 tier'!C58 -> Acronis Cloud Storage at Acronis Datacenter (for Per Workload model) | D58: ='Calculator -1 tier'!D58 -> 0 | E58: =IFERROR(IF(D58>0,SUMIFS(INDIRECT("'Pricelist "&'Solution-based'!$B$3&"'!$"&CHAR(70+$A$2)&"$3:$"&CHAR(70+$A$2)&"$130"),INDIRECT("'Pricelist "&'Solution-based'!$B$3&"'!$O$3:$O$130"),'Calculator +1 tier'!$C58,INDIRECT("'Pricelist "&'Solution-based'!$B$3&"'!$E$3:$E$130"),$D$3),""),"Pricelist not found") | F58: =IFERROR(D58*E58,"")
C59: ='Calculator -1 tier'!C59 -> Acronis Cloud Storage at Azure/Google datacenters (for Per Workload model) | D59: ='Calculator -1 tier'!D59 -> 0 | E59: =IFERROR(IF(D59>0,SUMIFS(INDIRECT("'Pricelist "&'Solution-based'!$B$3&"'!$"&CHAR(70+$A$2)&"$3:$"&CHAR(70+$A$2)&"$130"),INDIRECT("'Pricelist "&'Solution-based'!$B$3&"'!$O$3:$O$130"),'Calculator +1 tier'!$C59),""),"Pricelist not found") | F59: =IFERROR(D59*E59,"")
C60: ='Calculator -1 tier'!C60 -> # Microsoft 365 Archiving Seats (with unlimited Acronis Hosted Cloud storage*) | D60: ='Calculator -1 tier'!D60 -> 0 | E60: =IFERROR(IF(D60>0,SUMIFS(INDIRECT("'Pricelist "&'Solution-based'!$B$3&"'!$"&CHAR(70+$A$2)&"$3:$"&CHAR(70+$A$2)&"$130"),INDIRECT("'Pricelist "&'Solution-based'!$B$3&"'!$O$3:$O$130"),'Calculator +1 tier'!$C60,INDIRECT("'Pricelist "&'Solution-based'!$B$3&"'!$E$3:$E$130"),$D$3),""),"Pricelist not found") | F60: =IFERROR(D60*E60,"")
C61: ='Calculator -1 tier'!C61 -> # Microsoft 365 Archiving Seats (for SP/Azure/Google Hosted storage) | D61: ='Calculator -1 tier'!D61 -> 0 | E61: =IFERROR(IF(D61>0,SUMIFS(INDIRECT("'Pricelist "&'Solution-based'!$B$3&"'!$"&CHAR(70+$A$2)&"$3:$"&CHAR(70+$A$2)&"$130"),INDIRECT("'Pricelist "&'Solution-based'!$B$3&"'!$O$3:$O$130"),'Calculator +1 tier'!$C61),""),"Pricelist not found") | F61: =IFERROR(D61*E61,"")
C62: ='Calculator -1 tier'!C62 -> Acronis Cloud Storage for Email Archiving at Azure/Google datacenters (for Per Workload model) | D62: ='Calculator -1 tier'!D62 -> 0 | E62: =IFERROR(IF(D62>0,SUMIFS(INDIRECT("'Pricelist "&'Solution-based'!$B$3&"'!$"&CHAR(70+$A$2)&"$3:$"&CHAR(70+$A$2)&"$130"),INDIRECT("'Pricelist "&'Solution-based'!$B$3&"'!$O$3:$O$130"),'Calculator +1 tier'!$C62),""),"Pricelist not found") | F62: =IFERROR(D62*E62,"")
B63: 4. Input data for endpoints to be licensed in per GB model
B64: Per GB | C64: ='Calculator -1 tier'!C64 -> Acronis Cloud Storage at Acronis Datacenter (for Per GB model) | D64: ='Calculator -1 tier'!D64 -> 0 | E64: =IFERROR(IF(D64>0,SUMIFS(INDIRECT("'Pricelist "&'Solution-based'!$B$3&"'!$"&CHAR(70+$A$2)&"$3:$"&CHAR(70+$A$2)&"$130"),INDIRECT("'Pricelist "&'Solution-based'!$B$3&"'!$O$3:$O$130"),'Calculator +1 tier'!$C64,INDIRECT("'Pricelist "&'Solution-based'!$B$3&"'!$E$3:$E$130"),$D$3),""),"Pricelist not found") | F64: =IFERROR(D64*E64,"")
C65: ='Calculator -1 tier'!C65 -> Acronis Cloud Storage at Azure/Google datacenters (for Per GB model) | D65: ='Calculator -1 tier'!D65 -> 0 | E65: =IFERROR(IF(D65>0,SUMIFS(INDIRECT("'Pricelist "&'Solution-based'!$B$3&"'!$"&CHAR(70+$A$2)&"$3:$"&CHAR(70+$A$2)&"$130"),INDIRECT("'Pricelist "&'Solution-based'!$B$3&"'!$O$3:$O$130"),'Calculator +1 tier'!$C65),""),"Pricelist not found") | F65: =IFERROR(D65*E65,"")
C66: ='Calculator -1 tier'!C66 -> Cloud - Service Provider Hosted Storage | D66: ='Calculator -1 tier'!D66 -> 0 | E66: =IFERROR(IF(D66>0,SUMIFS(INDIRECT("'Pricelist "&'Solution-based'!$B$3&"'!$"&CHAR(70+$A$2)&"$3:$"&CHAR(70+$A$2)&"$130"),INDIRECT("'Pricelist "&'Solution-based'!$B$3&"'!$O$3:$O$130"),'Calculator +1 tier'!$C66),""),"Pricelist not found") | F66: =IFERROR(D66*E66,"")
C67: ='Calculator -1 tier'!C67 -> Customer Storage | D67: ='Calculator -1 tier'!D67 -> 0 | E67: =IFERROR(IF(D67>0,SUMIFS(INDIRECT("'Pricelist "&'Solution-based'!$B$3&"'!$"&CHAR(70+$A$2)&"$3:$"&CHAR(70+$A$2)&"$130"),INDIRECT("'Pricelist "&'Solution-based'!$B$3&"'!$O$3:$O$130"),'Calculator +1 tier'!$C67),""),"Pricelist not found") | F67: =IFERROR(D67*E67,"")
C68: ='Calculator -1 tier'!C68 -> Acronis Cloud Storage for Email Archiving at Acronis Datacenter (for Per GB model) | D68: ='Calculator -1 tier'!D68 -> 0 | E68: =IFERROR(IF(D68>0,SUMIFS(INDIRECT("'Pricelist "&'Solution-based'!$B$3&"'!$"&CHAR(70+$A$2)&"$3:$"&CHAR(70+$A$2)&"$130"),INDIRECT("'Pricelist "&'Solution-based'!$B$3&"'!$O$3:$O$130"),'Calculator +1 tier'!$C68,INDIRECT("'Pricelist "&'Solution-based'!$B$3&"'!$E$3:$E$130"),$D$3),""),"Pricelist not found") | F68: =IFERROR(D68*E68,"")
C69: ='Calculator -1 tier'!C69 -> Email Archiving Cloud Storage - Service Provider Hosted | D69: ='Calculator -1 tier'!D69 -> 0 | E69: =IFERROR(IF(D69>0,SUMIFS(INDIRECT("'Pricelist "&'Solution-based'!$B$3&"'!$"&CHAR(70+$A$2)&"$3:$"&CHAR(70+$A$2)&"$130"),INDIRECT("'Pricelist "&'Solution-based'!$B$3&"'!$O$3:$O$130"),'Calculator +1 tier'!$C69),""),"Pricelist not found") | F69: =IFERROR(D69*E69,"")
C70: ='Calculator -1 tier'!C70 -> Acronis Cloud Storage for Email Archiving at Azure/Google datacenters (for Per GB model) | D70: ='Calculator -1 tier'!D70 -> 0 | E70: =IFERROR(IF(D70>0,SUMIFS(INDIRECT("'Pricelist "&'Solution-based'!$B$3&"'!$"&CHAR(70+$A$2)&"$3:$"&CHAR(70+$A$2)&"$130"),INDIRECT("'Pricelist "&'Solution-based'!$B$3&"'!$O$3:$O$130"),'Calculator +1 tier'!$C70),""),"Pricelist not found") | F70: =IFERROR(D70*E70,"")
B71: M365 Backup Storage | C71: ='Calculator -1 tier'!C71 -> Microsoft 365 Backup Storage powered by Microsoft (per GB, for both per GB and per workload models) | D71: ='Calculator -1 tier'!D71 -> 0 | E71: =IFERROR(IF(D71>0,SUMIFS(INDIRECT("'Pricelist "&'Solution-based'!$B$3&"'!$"&CHAR(70+$A$2)&"$3:$"&CHAR(70+$A$2)&"$130"),INDIRECT("'Pricelist "&'Solution-based'!$B$3&"'!$O$3:$O$130"),'Calculator +1 tier'!$C71),""),"Pricelist not found") | F71: =IFERROR(D71*E71,"")
B72: Geo-replication | C72: ='Calculator -1 tier'!C72 -> Per GB/Workload model - Backup Geo-redundant - Acronis Hosted Storage | D72: ='Calculator -1 tier'!D72 -> 0 | E72: =IF(AND(D72>0,$D$3="G2"),"Not available for G2",IFERROR(IF(D72>0,SUMIFS(INDIRECT("'Pricelist "&'Solution-based'!$B$3&"'!$"&CHAR(70+$A$2)&"$3:$"&CHAR(70+$A$2)&"$130"),INDIRECT("'Pricelist "&'Solution-based'!$B$3&"'!$O$3:$O$130"),'Calculator +1 tier'!$C72),""),"Pricelist not found")) | F72: =IFERROR(D72*E72,"")
C73: ='Calculator -1 tier'!C73 -> Per Workload model - # Geo-redundant Microsoft 365 seat (unlimited Acronis Hosted Cloud Storage included*) | D73: ='Calculator -1 tier'!D73 -> 0 | E73: =IF(AND(D73>0,$D$3="G2"),"Not available for G2",IFERROR(IF(D73>0,SUMIFS(INDIRECT("'Pricelist "&'Solution-based'!$B$3&"'!$"&CHAR(70+$A$2)&"$3:$"&CHAR(70+$A$2)&"$130"),INDIRECT("'Pricelist "&'Solution-based'!$B$3&"'!$O$3:$O$130"),'Calculator +1 tier'!$C73),""),"Pricelist not found")) | F73: =IFERROR(D73*E73,"")
C74: ='Calculator -1 tier'!C74 -> Per Workload model - # Geo-redundant Google Workspace seat (unlimited Acronis Hosted Cloud Storage included*) | D74: ='Calculator -1 tier'!D74 -> 0 | E74: =IF(AND(D74>0,$D$3="G2"),"Not available for G2",IFERROR(IF(D74>0,SUMIFS(INDIRECT("'Pricelist "&'Solution-based'!$B$3&"'!$"&CHAR(70+$A$2)&"$3:$"&CHAR(70+$A$2)&"$130"),INDIRECT("'Pricelist "&'Solution-based'!$B$3&"'!$O$3:$O$130"),'Calculator +1 tier'!$C74),""),"Pricelist not found")) | F74: =IFERROR(D74*E74,"")
B75: 5. Input data for endpoints to be protected by Advanced Packs
A76: Advanced packs | B76: Direct Backup to Public Cloud | C76: ='Calculator -1 tier'!C76 -> # Direct Backup to Public Cloud, Physical Servers | D76: ='Calculator -1 tier'!D76 -> 0 | E76: =IFERROR(IF(D76>0,SUMIFS(INDIRECT("'Pricelist "&'Solution-based'!$B$3&"'!$"&CHAR(70+$A$2)&"$3:$"&CHAR(70+$A$2)&"$130"),INDIRECT("'Pricelist "&'Solution-based'!$B$3&"'!$O$3:$O$130"),'Calculator +1 tier'!$C76),""),"Pricelist not found") | F76: =IFERROR(D76*E76,"")
C77: ='Calculator -1 tier'!C77 -> # Direct Backup to Public Cloud, Virtual Machines | D77: ='Calculator -1 tier'!D77 -> 0 | E77: =IFERROR(IF(D77>0,SUMIFS(INDIRECT("'Pricelist "&'Solution-based'!$B$3&"'!$"&CHAR(70+$A$2)&"$3:$"&CHAR(70+$A$2)&"$130"),INDIRECT("'Pricelist "&'Solution-based'!$B$3&"'!$O$3:$O$130"),'Calculator +1 tier'!$C77),""),"Pricelist not found") | F77: =IFERROR(D77*E77,"")
C78: ='Calculator -1 tier'!C78 -> # Direct Backup to Public Cloud, Workstations | D78: ='Calculator -1 tier'!D78 -> 0 | E78: =IFERROR(IF(D78>0,SUMIFS(INDIRECT("'Pricelist "&'Solution-based'!$B$3&"'!$"&CHAR(70+$A$2)&"$3:$"&CHAR(70+$A$2)&"$130"),INDIRECT("'Pricelist "&'Solution-based'!$B$3&"'!$O$3:$O$130"),'Calculator +1 tier'!$C78),""),"Pricelist not found") | F78: =IFERROR(D78*E78,"")
C79: ='Calculator -1 tier'!C79 -> # Direct Backup to Public Cloud, Hosting Servers | D79: ='Calculator -1 tier'!D79 -> 0 | E79: =IFERROR(IF(D79>0,SUMIFS(INDIRECT("'Pricelist "&'Solution-based'!$B$3&"'!$"&CHAR(70+$A$2)&"$3:$"&CHAR(70+$A$2)&"$130"),INDIRECT("'Pricelist "&'Solution-based'!$B$3&"'!$O$3:$O$130"),'Calculator +1 tier'!$C79),""),"Pricelist not found") | F79: =IFERROR(D79*E79,"")
B80: Advanced Management | C80: ='Calculator -1 tier'!C80 -> # Remote Monitoring and Management (RMM) Workloads (Servers, VMs, Workstations, Hosting Servers) | D80: ='Calculator -1 tier'!D80 -> 0 | E80: =IFERROR(IF(D80>0,SUMIFS(INDIRECT("'Pricelist "&'Solution-based'!$B$3&"'!$"&CHAR(70+$A$2)&"$3:$"&CHAR(70+$A$2)&"$130"),INDIRECT("'Pricelist "&'Solution-based'!$B$3&"'!$O$3:$O$130"),'Calculator +1 tier'!$C80),""),"Pricelist not found") | F80: =IFERROR(D80*E80,"")
C81: ='Calculator -1 tier'!C81 -> # SaaS Security Posture Management Workloads (Microsoft 365 Seats) | D81: ='Calculator -1 tier'!D81 -> 0 | E81: =IFERROR(IF(D81>0,SUMIFS(INDIRECT("'Pricelist "&'Solution-based'!$B$3&"'!$"&CHAR(70+$A$2)&"$3:$"&CHAR(70+$A$2)&"$130"),INDIRECT("'Pricelist "&'Solution-based'!$B$3&"'!$O$3:$O$130"),'Calculator +1 tier'!$C81),""),"Pricelist not found") | F81: =IFERROR(D81*E81,"")
B82: Advanced Security | C82: ='Calculator -1 tier'!C82 -> # Endpoint Detection and Response (EDR) Workloads (Servers, VMs, Workstations, Hosting Servers) | D82: ='Calculator -1 tier'!D82 -> 0 | E82: =IFERROR(IF(D82>0,SUMIFS(INDIRECT("'Pricelist "&'Solution-based'!$B$3&"'!$"&CHAR(70+$A$2)&"$3:$"&CHAR(70+$A$2)&"$130"),INDIRECT("'Pricelist "&'Solution-based'!$B$3&"'!$O$3:$O$130"),'Calculator +1 tier'!$C82),""),"Pricelist not found") | F82: =IFERROR(D82*E82,"")
C83: ='Calculator -1 tier'!C83 -> # Extended Detection and Response (XDR) Workloads (Servers, VMs, Workstations, Hosting Servers) | D83: ='Calculator -1 tier'!D83 -> 0 | E83: =IFERROR(IF(D83>0,SUMIFS(INDIRECT("'Pricelist "&'Solution-based'!$B$3&"'!$"&CHAR(70+$A$2)&"$3:$"&CHAR(70+$A$2)&"$130"),INDIRECT("'Pricelist "&'Solution-based'!$B$3&"'!$O$3:$O$130"),'Calculator +1 tier'!$C83),""),"Pricelist not found") | F83: =IFERROR(D83*E83,"")
C84: ='Calculator -1 tier'!C84 -> # In-house MDR Workloads - Standard - Partner-level (Servers, VMs, Workstations, Hosting Servers) | D84: ='Calculator -1 tier'!D84 -> 0 | E84: =IFERROR(IF(D84>0,SUMIFS(INDIRECT("'Pricelist "&'Solution-based'!$B$3&"'!$"&CHAR(70+$A$2)&"$3:$"&CHAR(70+$A$2)&"$130"),INDIRECT("'Pricelist "&'Solution-based'!$B$3&"'!$O$3:$O$130"),'Calculator +1 tier'!$C84),""),"Pricelist not found") | F84: =IFERROR(D84*E84,"")
C85: ='Calculator -1 tier'!C85 -> # In-house MDR Workloads - Advanced - Partner-level (Servers, VMs, Workstations, Hosting Servers) | D85: ='Calculator -1 tier'!D85 -> 0 | E85: =IFERROR(IF(D85>0,SUMIFS(INDIRECT("'Pricelist "&'Solution-based'!$B$3&"'!$"&CHAR(70+$A$2)&"$3:$"&CHAR(70+$A$2)&"$130"),INDIRECT("'Pricelist "&'Solution-based'!$B$3&"'!$O$3:$O$130"),'Calculator +1 tier'!$C85),""),"Pricelist not found") | F85: =IFERROR(D85*E85,"")
C86: ='Calculator -1 tier'!C86 -> # In-house MDR Workloads - Standard - Customer-level (Servers, VMs, Workstations, Hosting Servers) | D86: ='Calculator -1 tier'!D86 -> 0 | E86: =IFERROR(IF(D86>0,SUMIFS(INDIRECT("'Pricelist "&'Solution-based'!$B$3&"'!$"&CHAR(70+$A$2)&"$3:$"&CHAR(70+$A$2)&"$130"),INDIRECT("'Pricelist "&'Solution-based'!$B$3&"'!$O$3:$O$130"),'Calculator +1 tier'!$C86),""),"Pricelist not found") | F86: =IFERROR(D86*E86,"")
C87: ='Calculator -1 tier'!C87 -> # In-house MDR Workloads - Advanced - Customer-level (Servers, VMs, Workstations, Hosting Servers) | D87: ='Calculator -1 tier'!D87 -> 0 | E87: =IFERROR(IF(D87>0,SUMIFS(INDIRECT("'Pricelist "&'Solution-based'!$B$3&"'!$"&CHAR(70+$A$2)&"$3:$"&CHAR(70+$A$2)&"$130"),INDIRECT("'Pricelist "&'Solution-based'!$B$3&"'!$O$3:$O$130"),'Calculator +1 tier'!$C87),""),"Pricelist not found") | F87: =IFERROR(D87*E87,"")
C88: ='Calculator -1 tier'!C88 -> # 3rd Party MDR Workloads - Standard (Servers, VMs, Workstations, Hosting Servers) | D88: ='Calculator -1 tier'!D88 -> 0 | E88: =IFERROR(IF(D88>0,SUMIFS(INDIRECT("'Pricelist "&'Solution-based'!$B$3&"'!$"&CHAR(70+$A$2)&"$3:$"&CHAR(70+$A$2)&"$130"),INDIRECT("'Pricelist "&'Solution-based'!$B$3&"'!$O$3:$O$130"),'Calculator +1 tier'!$C88),""),"Pricelist not found") | F88: =IFERROR(D88*E88,"")
C89: ='Calculator -1 tier'!C89 -> # 3rd Party MDR Workloads - Advanced (Servers, VMs, Workstations, Hosting Servers) | D89: ='Calculator -1 tier'!D89 -> 0 | E89: =IFERROR(IF(D89>0,SUMIFS(INDIRECT("'Pricelist "&'Solution-based'!$B$3&"'!$"&CHAR(70+$A$2)&"$3:$"&CHAR(70+$A$2)&"$130"),INDIRECT("'Pricelist "&'Solution-based'!$B$3&"'!$O$3:$O$130"),'Calculator +1 tier'!$C89),""),"Pricelist not found") | F89: =IFERROR(D89*E89,"")
C90: ='Calculator -1 tier'!C90 -> # Gen AI Protection Workloads | D90: ='Calculator -1 tier'!D90 -> 0 | E90: =IFERROR(IF(D90>0,SUMIFS(INDIRECT("'Pricelist "&'Solution-based'!$B$3&"'!$"&CHAR(70+$A$2)&"$3:$"&CHAR(70+$A$2)&"$130"),INDIRECT("'Pricelist "&'Solution-based'!$B$3&"'!$O$3:$O$130"),'Calculator +1 tier'!$C90),""),"Pricelist not found") | F90: =IFERROR(D90*E90,"")
B91: Advanced Email Security (Perception Point) | C91: ='Calculator -1 tier'!C91 -> # Email Security Users | D91: ='Calculator -1 tier'!D91 -> 0 | E91: =IFERROR(IF(D91>0,SUMIFS(INDIRECT("'Pricelist "&'Solution-based'!$B$3&"'!$"&CHAR(70+$A$2)&"$3:$"&CHAR(70+$A$2)&"$130"),INDIRECT("'Pricelist "&'Solution-based'!$B$3&"'!$O$3:$O$130"),'Calculator +1 tier'!$C91),""),"Pricelist not found") | F91: =IFERROR(D91*E91,"")
C92: ='Calculator -1 tier'!C92 -> # Collaboration Security Users | D92: ='Calculator -1 tier'!D92 -> 0 | E92: =IFERROR(IF(D92>0,SUMIFS(INDIRECT("'Pricelist "&'Solution-based'!$B$3&"'!$"&CHAR(70+$A$2)&"$3:$"&CHAR(70+$A$2)&"$130"),INDIRECT("'Pricelist "&'Solution-based'!$B$3&"'!$O$3:$O$130"),'Calculator +1 tier'!$C92),""),"Pricelist not found") | F92: =IFERROR(D92*E92,"")
B93: Security Awareness Training | C93: ='Calculator -1 tier'!C93 -> # Security Awareness Training (Users) | D93: ='Calculator -1 tier'!D93 -> 0 | E93: =IFERROR(IF(D93>0,SUMIFS(INDIRECT("'Pricelist "&'Solution-based'!$B$3&"'!$"&CHAR(70+$A$2)&"$3:$"&CHAR(70+$A$2)&"$130"),INDIRECT("'Pricelist "&'Solution-based'!$B$3&"'!$O$3:$O$130"),'Calculator +1 tier'!$C93),""),"Pricelist not found") | F93: =IFERROR(D93*E93,"")
B94: Advanced Data Loss Prevention | C94: ='Calculator -1 tier'!C94 -> # Data Loss Prevention Workloads (Servers, VMs, Workstations, Hosting Servers) | D94: ='Calculator -1 tier'!D94 -> 0 | E94: =IFERROR(IF(D94>0,SUMIFS(INDIRECT("'Pricelist "&'Solution-based'!$B$3&"'!$"&CHAR(70+$A$2)&"$3:$"&CHAR(70+$A$2)&"$130"),INDIRECT("'Pricelist "&'Solution-based'!$B$3&"'!$O$3:$O$130"),'Calculator +1 tier'!$C94),""),"Pricelist not found") | F94: =IFERROR(D94*E94,"")
B95: Advanced automation | C95: ='Calculator -1 tier'!C95 -> # Professional Services Automation (PSA) users (3 minimum) | D95: ='Calculator -1 tier'!D95 -> 0 | E95: =IFERROR(IF(D95>0,SUMIFS(INDIRECT("'Pricelist "&'Solution-based'!$B$3&"'!$"&CHAR(70+$A$2)&"$3:$"&CHAR(70+$A$2)&"$130"),INDIRECT("'Pricelist "&'Solution-based'!$B$3&"'!$O$3:$O$130"),'Calculator +1 tier'!$C95),""),"Pricelist not found") | F95: =IFERROR(D95*E95,"")
B96: Advanced Disaster Recovery | C96: ='Calculator -1 tier'!C96 -> Disaster Recovery Cloud Storage - Acronis Hosted | D96: ='Calculator -1 tier'!D96 -> 0 | E96: =IFERROR(IF(D96>0,SUMIFS(INDIRECT("'Pricelist "&'Solution-based'!$B$3&"'!$"&CHAR(70+$A$2)&"$3:$"&CHAR(70+$A$2)&"$130"),INDIRECT("'Pricelist "&'Solution-based'!$B$3&"'!$O$3:$O$130"),'Calculator +1 tier'!$C96,INDIRECT("'Pricelist "&'Solution-based'!$B$3&"'!$E$3:$E$130"),$D$3),""),"Pricelist not found") | F96: =IFERROR(D96*E96,"")
C97: ='Calculator -1 tier'!C97 -> Disaster Recovery Cloud Storage - Service Provider Hosted | D97: ='Calculator -1 tier'!D97 -> 0 | E97: =IFERROR(IF(D97>0,SUMIFS(INDIRECT("'Pricelist "&'Solution-based'!$B$3&"'!$"&CHAR(70+$A$2)&"$3:$"&CHAR(70+$A$2)&"$130"),INDIRECT("'Pricelist "&'Solution-based'!$B$3&"'!$O$3:$O$130"),'Calculator +1 tier'!$C97),""),"Pricelist not found") | F97: =IFERROR(D97*E97,"")
C98: ='Calculator -1 tier'!C98 -> Monthly Compute Point Consumption (tests) | D98: ='Calculator -1 tier'!D98 | E98: =IFERROR(IF(D98>0,SUMIFS(INDIRECT("'Pricelist "&'Solution-based'!$B$3&"'!$"&CHAR(70+$A$2)&"$3:$"&CHAR(70+$A$2)&"$130"),INDIRECT("'Pricelist "&'Solution-based'!$B$3&"'!$O$3:$O$130"),'Calculator +1 tier'!$C98),""),"Pricelist not found") -> 0.0558 | F98: =IFERROR(D98*E98,"")
C99: ='Calculator -1 tier'!C99 -> # DR and Direct Backup to Azure workloads | D99: ='Calculator -1 tier'!D99 -> 0 | E99: =IFERROR(IF(D99>0,SUMIFS(INDIRECT("'Pricelist "&'Solution-based'!$B$3&"'!$"&CHAR(70+$A$2)&"$3:$"&CHAR(70+$A$2)&"$130"),INDIRECT("'Pricelist "&'Solution-based'!$B$3&"'!$O$3:$O$130"),'Calculator +1 tier'!$C99),""),"Pricelist not found") | F99: =IFERROR(D99*E99,"")
C100: ='Calculator -1 tier'!C100 -> Public IPs | D100: ='Calculator -1 tier'!D100 -> 0 | E100: =IFERROR(IF(D100>0,SUMIFS(INDIRECT("'Pricelist "&'Solution-based'!$B$3&"'!$"&CHAR(70+$A$2)&"$3:$"&CHAR(70+$A$2)&"$130"),INDIRECT("'Pricelist "&'Solution-based'!$B$3&"'!$O$3:$O$130"),'Calculator +1 tier'!$C100),""),"Pricelist not found") | F100: =IFERROR(D100*E100,"")
B101: Cyber Employee | C101: ='Calculator -1 tier'!C101 -> # Cyber Employee Agents | D101: ='Calculator -1 tier'!D101 -> 0 | E101: =IF(AND(D101>0,$D$3="G2"),"Not available for G2",IFERROR(IF(D101>0,SUMIFS(INDIRECT("'Pricelist "&'Solution-based'!$B$3&"'!$"&CHAR(70+$A$2)&"$3:$"&CHAR(70+$A$2)&"$130"),INDIRECT("'Pricelist "&'Solution-based'!$B$3&"'!$O$3:$O$130"),'Calculator +1 tier'!$C101),""),"Pricelist not found")) | F101: =IFERROR(D101*E101,"")
...
